"id","emp1","emp2","type"
1,"N/A","","NULL"
2,"19th Avenue Storage","19th Avenue Storage","NULL"
3,"24 Hour Fitness","24 Hour Fitness","NULL"
4,"40th St Apartments LLC","40th St Apartments LLC","NULL"
5,"40th St Apartments LLC","40th Street Apartment","NULL"
6,"44 Energy Technology","44 Energy Technology","NULL"
7,"7 Day Tire and Shop","7 Day Tire and Shop","NULL"
8,"8881 Consulting","8881 Consulting","NULL"
9,"A & B Vehicle Processing, Inc.","A & B Vehicle Processing, Inc.","NULL"
10,"A B & I Foundary","A B & I Foundary","NULL"
11,"AAA Insurance","AAA Insurance","NULL"
12,"Aaron Metals","Aaron Metals","NULL"
13,"AB & I Foundary","AB & I Foundary","NULL"
14,"AB & I Foundary","AB&I Foundry","NULL"
15,"Abbott Laboratories","Abbott Laboratories","NULL"
16,"Abbott Vascular","Abbott Vascular","NULL"
17,"Abu Dhabi Investments","Abu Dhabi Investments","NULL"
18,"AC Transit","AC Transit","NULL"
19,"Academy of Art University","Academy of Art University","NULL"
20,"Ackrell Capital","Ackrell Capital","NULL"
21,"Acts Full Gospel Church","Acts Full Gospel Church","NULL"
22,"Acumen Solutions","Acumen Solutions","NULL"
23,"Adair Optometry","Adair Optometry","NULL"
24,"Adam Duhan, MD","Adam Duhan, MD","NULL"
25,"Adams Nye Becht LLP","Adams Nye Becht LLP","NULL"
26,"Adams Nye Becht LLP","Adams, Nye, Becht","NULL"
27,"Adchemy Inc.","Adchemy Inc.","NULL"
28,"Adchemy Inc.","Adchemy, Inc","NULL"
29,"Adobe","Adobe","NULL"
30,"Aduro Bio Tech","Aduro Bio Tech","NULL"
31,"AE3 Partners","AE3 Partners","NULL"
32,"AgFirst","AgFirst","NULL"
33,"AJCVC","AJCVC","NULL"
34,"AJWS","AJWS","NULL"
35,"Al Stephens Real Estate","Al Stephens Real Estate","NULL"
36,"Alain Pinel Realtors","Alain Pinel Realtors","NULL"
37,"Alameda Co Public Defender","Alameda Co Public Defender","NULL"
38,"Alameda County","Alameda County","NULL"
40,"Alameda Health Systems","Alameda Health Systems","NULL"
41,"Alameda-Contra Costa Medical Assn","Alameda-Contra Costa Medical Assn","NULL"
42,"Alana Ross Events","Alana Ross Events","NULL"
43,"Alex Lau Accupunture","Alex Lau Accupunture","NULL"
44,"Allen Matkins","Allen Matkins","NULL"
48,"Alta Partners","Alta Partners","NULL"
49,"Altman & Cronin","Altman & Cronin","NULL"
50,"AMD","AMD","NULL"
51,"American Airlines","American Airlines","NULL"
52,"American Bankers Association","American Bankers Association","NULL"
53,"American City Pest & Termite","American City Pest & Termite","NULL"
54,"American Foy Larue Inc.","American Foy Larue Inc.","NULL"
55,"American Maritime Group LLC","American Maritime Group LLC","NULL"
56,"American Tai Wah Trading","American Tai Wah Trading","NULL"
57,"AMG Construction","AMG Construction","NULL"
58,"Amy J. Trask","Amy J. Trask","NULL"
59,"Amy Wendling Attorney at Law","Amy Wendling Attorney at Law","NULL"
60,"Andrew Deal Attorney at Law","Andrew Deal Attorney at Law","NULL"
61,"Andrew Sun","Andrew Sun","NULL"
62,"Anil Veema Associates","Anil Veema Associates","NULL"
63,"Anita Borg Institute","Anita Borg Institute","NULL"
64,"Ann Yamada","Ann Yamada","NULL"
65,"Anne Bruff Associates","Anne Bruff Associates","NULL"
66,"Annuity Systems","Annuity Systems","NULL"
67,"Another Planet Entertainment","Another Planet Entertainment","NULL"
68,"Antimite","Antimite","NULL"
69,"Antioch Street Limited","Antioch Street Limited","NULL"
70,"Apartment Maintenance, Inc.","Apartment Maintenance, Inc.","NULL"
71,"Apple Inc","Apple Inc","NULL"
72,"Apple Inc","Apple Inc.","NULL"
73,"Applied Financial Technology","Applied Financial Technology","NULL"
74,"ARCALA Land Company","ARCALA Land Company","NULL"
75,"Arch Insurance","Arch Insurance","NULL"
76,"ARDA LLC","ARDA LLC","NULL"
77,"Argos Consulting","Argos Consulting","NULL"
78,"Aroma Catering","Aroma Catering","NULL"
79,"Arque Capital","Arque Capital","NULL"
80,"Art Center School of Design","Art Center School of Design","NULL"
81,"Art Twain","Art Twain","NULL"
82,"Aruba Networks","Aruba Networks","NULL"
83,"Ascension","Ascension","NULL"
85,"Asian Americans for Political Advancement PAC","Asian Americans for Political Advancement PAC","NULL"
86,"Asian Health Services","Asian Health Services","NULL"
87,"Asian Immigrant Women","Asian Immigrant Women","NULL"
88,"Ask.com","Ask.com","NULL"
89,"Aspiriant","Aspiriant","NULL"
90,"AT&T","AT&T","NULL"
91,"AT&T Mobility","AT&T Mobility","NULL"
92,"Atkinson Andelson","Atkinson Andelson","NULL"
93,"Atlas Commodities, LLC","Atlas Commodities, LLC","NULL"
94,"Augusta Columbia Capital","Augusta Columbia Capital","NULL"
95,"Autism Answers","Autism Answers","NULL"
96,"AVM Mortgage Company","AVM Mortgage Company","NULL"
97,"B & B Vehicle Processing  Inc.","B & B Vehicle Processing  Inc.","NULL"
98,"Backbeat Networks","Backbeat Networks","NULL"
99,"Baird Capital","Baird Capital","NULL"
100,"Baner Financial Interests","Baner Financial Interests","NULL"
101,"Bank of Alameda","Bank of Alameda","NULL"
102,"Bank of America","Bank of America","NULL"
103,"Bank of the West","Bank of the West","NULL"
104,"Banks Group","Banks Group","NULL"
105,"Banneker Partners","Banneker Partners","NULL"
45,"Alta Bates Summit Medical Center","Alta Bates","NULL"
47,"Alta Bates Summit Medical Center","Alta Bates Med Center","NULL"
84,"Ascension","Ascension Retirement","NULL"
106,"Bao Hua Lu","Bao Hua Lu","NULL"
107,"Baptist Memorial Hospital for Women","Baptist Memorial Hospital for Women","NULL"
108,"Barbagelata Real Estate","Barbagelata Real Estate","NULL"
109,"Barbara Ginsberg","Barbara Ginsberg","NULL"
110,"Barry Miller Consulting","Barry Miller Consulting","NULL"
111,"BART","BART","NULL"
112,"Base Ventures","Base Ventures","NULL"
113,"Baughman Company","Baughman Company","NULL"
114,"Bay Alarm","Bay Alarm","NULL"
115,"Bay Area Air Quality Management District","Bay Area Air Quality Management District","NULL"
116,"Bay Area Citizens PAC","Bay Area Citizens PAC","NULL"
117,"Bay Area Othropaedic & Sports Specialists (BOSS)","Bay Area Othropaedic & Sports Specialists (BOSS)","NULL"
118,"BART","Bay Area Rapid Transit","NULL"
119,"Bay Farms Produce, Inc.","Bay Farms Produce, Inc.","NULL"
120,"Beacon Capital Management","Beacon Capital Management","NULL"
121,"Bechtel Foundation","Bechtel Foundation","NULL"
122,"Beebe Memorial Cathedral","Beebe Memorial Cathedral","NULL"
123,"Behring Investments","Behring Investments","NULL"
124,"Bellevilles Artistic Wildlife","Bellevilles Artistic Wildlife","NULL"
125,"Bentley School","Bentley School","NULL"
126,"Berhane Zerai","Berhane Zerai","NULL"
127,"Berkeley Community Fund","Berkeley Community Fund","NULL"
128,"Berkeley Regional Center","Berkeley Regional Center","NULL"
129,"Berkeley Research Group","Berkeley Research Group","NULL"
130,"Berkeley Unified School District","Berkeley Unified School District","NULL"
131,"Bing Kong Tong","Bing Kong Tong","NULL"
132,"BKF Engineers","BKF Engineers","NULL"
133,"Black & Veatch Corporation","Black & Veatch Corporation","NULL"
134,"Black Oak Gallery","Black Oak Gallery","NULL"
135,"Blake & Thorner","Blake & Thorner","NULL"
136,"Blaze Mobile","Blaze Mobile","NULL"
137,"Blazestage","Blazestage","NULL"
138,"Blue Shield of California","Blue Shield of California","NULL"
139,"BlueSprout","BlueSprout","NULL"
140,"BMWL and Partners","BMWL and Partners","NULL"
141,"Boston Consulting group","Boston Consulting group","NULL"
142,"Boston Housing Authority","Boston Housing Authority","NULL"
143,"Braddock & Logan","Braddock & Logan","NULL"
144,"Brand Affinity Technologies","Brand Affinity Technologies","NULL"
145,"Braun Hagey & Borden LLP","Braun Hagey & Borden LLP","NULL"
146,"Brigantine Sales","Brigantine Sales","NULL"
147,"Bright Line Consulting LLC","Bright Line Consulting LLC","NULL"
148,"Brightpath Capital Partners LP","Brightpath Capital Partners LP","NULL"
149,"Bruce B Lawrence MD","Bruce B Lawrence MD","NULL"
150,"Bruce Beasley","Bruce Beasley","NULL"
151,"Ca state senate","Ca state senate","NULL"
152,"CAD Cloud Systems","CAD Cloud Systems","NULL"
153,"Cal State","Cal State","NULL"
154,"California Department of Justice","Calif. Dept. Justice","NULL"
155,"California Center For Sleep Disorder","California Center For Sleep Disorder","NULL"
156,"California Department of Justice","California Department of Justice","NULL"
157,"California Emergency Physicians","California Emergency Physicians","NULL"
158,"California EPA","California EPA","NULL"
159,"California League of Conservation Voters","California League of Conservation Voters","NULL"
160,"California Legislature Senator Mark DeSaulnier, 7th District","California Legislature Senator Mark DeSaulnier, 7th District","NULL"
161,"California Maritime Lawyers","California Maritime Lawyers","NULL"
162,"California Metals Coalition","California Metals Coalition","NULL"
163,"California Nurses Assoc. PAC","California Nurses Assoc. PAC","Union"
164,"California State Automobile Association Insurance Exchange","California State Automobile Association Insurance Exchange","NULL"
165,"California State Univeristy, Sacramento","California State Univeristy, Sacramento","NULL"
166,"Callahan Piano Service","Callahan Piano Service","NULL"
167,"CallSocket","CallSocket","NULL"
168,"Cambridge Strategy Group","Cambridge Strategy Group","NULL"
169,"Capital Credit Alliance","Capital Credit Alliance","NULL"
170,"Cardozo Law Schoool","Cardozo Law Schoool","NULL"
171,"Carefusion","Carefusion","NULL"
172,"Careplus Chiropractic Health","Careplus Chiropractic Health","NULL"
173,"Carol H Williams Ad Agency","Carol H Williams Ad Agency","NULL"
174,"Carolyn Reuben LAC","Carolyn Reuben LAC","NULL"
175,"Carrick Capital Partners, LLC","Carrick Capital Partners, LLC","NULL"
176,"Carrie Dove Catering","Carrie Dove Catering","NULL"
177,"Cashman Real Estate Development Services","Cashman Real Estate Development Services","NULL"
178,"CASS","CASS","NULL"
179,"CBRE Group","CBRE","NULL"
180,"CBRE Group","CBRE Group","NULL"
181,"CBRE Group","CBRE Real Estate","NULL"
182,"Central Services","Central Services","NULL"
183,"Cepheid","Cepheid","NULL"
184,"Cermar","Cermar","NULL"
185,"CFW Inc.","CFW Inc.","NULL"
188,"Chabot-LP Comm.College","Chabot-LP Comm.College","NULL"
189,"Charles A Long Properties","Charles A Long Properties","NULL"
190,"Charles River Analytics","Charles River Analytics","NULL"
191,"Charlie Seafoods, Inc.","Charlie Seafoods, Inc.","NULL"
192,"CHCO","CHCO","NULL"
193,"Chevron","Chevron","NULL"
194,"Chicago Title Company","Chicago Title Company","NULL"
195,"Children's Health Council","Children's Health Council","NULL"
196,"Children's Hospital","Children's Hospital","NULL"
197,"Children's Hospital","Children's Hospital & Research Center Oakland","NULL"
198,"Children's Hospital","Children's Hospital Oakland","NULL"
199,"Children's Hospital","Childrens Hospital","NULL"
595,"P G & E","P G & E","NULL"
186,"Chabot Space and Science Center","Chabot Space & Science Center","NULL"
200,"Chinese-American Citizens Alliance","Chinese-American Citizens Alliance","NULL"
201,"Chop Bar","Chop Bar","NULL"
202,"Chukwu Consulting","Chukwu Consulting","NULL"
203,"Cisco Systems","Cisco","NULL"
204,"Cisco Systems","Cisco Systems","NULL"
205,"Citrix","Citrix","NULL"
206,"City and County of San Francisco","City and County of San Francisco","NULL"
208,"City of Oakland","City of Oakland","NULL"
209,"City of Piedmont","City of Piedmont","NULL"
210,"City of San Leandro","City of San Leandro","NULL"
211,"Cityshapers, Inc.","Cityshapers, Inc.","NULL"
212,"Ciudad De Mexico, Inc.","Ciudad De Mexico, Inc.","NULL"
213,"Claremont Realty","Claremont Realty","NULL"
214,"Clars Auction Gallery","Clars Auction Gallery","NULL"
215,"Clif Bar & Company","Clif Bar & Company","NULL"
216,"The Clorox Company","Clorox","NULL"
218,"Clovis","Clovis","NULL"
219,"Club One Fitness","Club One Fitness","NULL"
220,"Code for America","Code for America","NULL"
221,"Coldwell Banker","Coldwell Banker","NULL"
222,"Cole-Frieman & Mallon","Cole-Frieman & Mallon","NULL"
223,"College Of San Mateo","College Of San Mateo","NULL"
224,"Colliers International","Colliers International","NULL"
225,"Collin Mbanugo, M.D.","Collin Mbanugo, M.D.","NULL"
226,"Comprehensive Care of Oakland","Comprehensive Care of Oakland","NULL"
227,"Connor Group","Connor Group","NULL"
228,"Consolidated CM","Consolidated CM","NULL"
229,"Construction Electrial Products","Construction Electrial Products","NULL"
230,"Consulate of Rep. of Korea","Consulate of Rep. of Korea","NULL"
232,"Contra Costa Oncology","Contra Costa Oncology","NULL"
233,"Controlled Energy","Controlled Energy","NULL"
234,"Convergent Computing","Convergent Computing","NULL"
235,"Cooley LLP","Cooley LLP","NULL"
236,"CooperVision","CooperVision","NULL"
237,"Core Security Solutions","Core Security Solutions","NULL"
238,"Cornell University","Cornell University","NULL"
239,"Coro Center for Civic Leadership","Coro Center for Civic Leadership","NULL"
240,"Cos Castle & Nicholson","Cos Castle & Nicholson","NULL"
241,"CPMC","CPMC","NULL"
242,"Craigie, McCarthy & Clow","Craigie, McCarthy & Clow","NULL"
243,"Creative Hospitality, Inc.","Creative Hospitality, Inc.","NULL"
244,"CRES Enterprises, Inc.","CRES Enterprises, Inc.","NULL"
245,"Crosby and Rowell","Crosby and Rowell","NULL"
246,"Cross Screen","Cross Screen","NULL"
247,"Crowdtilt","Crowdtilt","NULL"
248,"CSAA Insurance Group","CSAA Insurance Group","NULL"
250,"Cubic Transportation Systems","Cubic Transportation Systems","NULL"
251,"Cushman Wakefield","Cushman Wakefield","NULL"
252,"Custom Alloy CASS","Custom Alloy CASS","NULL"
253,"CyberTran International, Inc.","CyberTran International, Inc.","NULL"
254,"Cypher Law Offices","Cypher Law Offices","NULL"
255,"Davita HealthCare Partners, Inc.","Da Vita Healthcare","NULL"
256,"Dan Altemus, Labor Arbitrator","Dan Altemus, Labor Arbitrator","NULL"
257,"Dandesign West Inc","Dandesign West Inc","NULL"
258,"Daniller Consulting, Inc.","Daniller Consulting, Inc.","NULL"
259,"David Rovino, MD","David Rovino, MD","NULL"
260,"Davila Edmundo Ruiz, MD","Davila Edmundo Ruiz, MD","NULL"
261,"Davillier Sloan, Inc","Davillier Sloan, Inc","NULL"
263,"DaVita HealthCare Partners, Inc.","DaVita","NULL"
264,"DaVita HealthCare Partners, Inc.","DaVita Health Care Partners","NULL"
265,"Davita HealthCare Partners, Inc.","Davita Healthcare","NULL"
266,"DaVita HealthCare Partners, Inc.","DaVita HealthCare Partners","NULL"
267,"DaVita HealthCare Partners, Inc.","DaVita HealthCare Partners, Inc.","NULL"
268,"DaVita HealthCare Partners, Inc.","Davita, Inc.","NULL"
269,"DCI Construction","DCI Construction","NULL"
270,"Debbie Koppman","Debbie Koppman","NULL"
271,"Deborah Weinstein Consulting","Deborah Weinstein Consulting","NULL"
272,"DeCredico Architecture and Planning","DeCredico Architecture and Planning","NULL"
273,"Delk Pest Control","Delk Pest Control","NULL"
274,"Deloitte FAS LLP","Deloitte FAS LLP","NULL"
275,"Dennis Woodruff","Dennis Woodruff","NULL"
276,"Department of Justice","Department of Justice","NULL"
277,"Dhillon & Smith","Dhillon & Smith","NULL"
278,"Diamondstar Productions","Diamondstar Productions","NULL"
279,"DiCredico Architecture and Planning","DiCredico Architecture and Planning","NULL"
280,"DLA Piper LLC","DLA Piper LLC","NULL"
281,"Doctor's Medical Center","Doctor's Medical Center","NULL"
282,"Doctor's Medical Center","Doctors Medical Center","NULL"
283,"Dollar Travel Inc.","Dollar Travel Inc.","NULL"
284,"Domus Development","Domus Development","NULL"
285,"Donahue, Gallagher, Woods","donahue gallagher woods llp","NULL"
287,"Dostart Development Company, LLC","Dostart Development Company, LLC","NULL"
288,"Douglas Parking LLC","Douglas Parking LLC","NULL"
290,"DTS Consulting Services","DTS Consulting Services","NULL"
291,"Dwulet & Dwulet","Dwulet & Dwulet","NULL"
292,"Earl James","Earl James","NULL"
293,"East Bay Asian Local Development Corp","East Bay Asian Local Development Corp","NULL"
294,"East Bay Bicyle Coalition","East Bay Bicyle Coalition","NULL"
295,"East Bay Communication Law Center","East Bay Communication Law Center","NULL"
296,"East Bay Economics","East Bay Economics","NULL"
249,"Cubic Transportation Systems","Cubic Transportation","NULL"
286,"Donahue, Gallagher, Woods, LLP","Donahue, Gallagher, Woods","NULL"
289,"Schulman Marketing","dSchulman Marketing","NULL"
217,"Close The Gap CA","close the gap CA","NULL"
231,"Contra Costa County","contra costa county","NULL"
262,"Davis Wright Tremaine","davis wright tremaine","NULL"
297,"East Bay Eye Center","East Bay Eye Center","NULL"
298,"East Bay Physicians Medical Group","East Bay Physicians Medical Group","NULL"
299,"East Bay Sotheby Realty","East Bay Sotheby Realty","NULL"
300,"Eastern City Cafe","Eastern City Cafe","NULL"
301,"EBMUD","EBMUD","NULL"
302,"ECONOMY LUMBER COMPANY OAKLAND","ECONOMY LUMBER COMPANY OAKLAND","NULL"
303,"Eddan.com","Eddan.com","NULL"
304,"Eden Medical Center","Eden Medical Center","NULL"
305,"Educational Results","Educational Results","NULL"
306,"EECO Construction Management","EECO Construction Management","NULL"
307,"Electrical Workers Local 595 PAC","Electrical Workers Local 595 PAC","Union"
308,"Elegant Roots","Elegant Roots","NULL"
309,"Element6","Element6","NULL"
310,"Elizabeth Callaway Trust Service","Elizabeth Callaway Trust Service","NULL"
311,"Elwood Commercial Real Estate","Elwood Commercial Real Estate","NULL"
312,"Emotient, Inc","Emotient, Inc","NULL"
313,"Engeo Incorporated","Engeo Incorporated","NULL"
314,"Engstrom, Lipscomb & Lack","Engstrom, Lipscomb & Lack","NULL"
315,"Eric Chung","Eric Chung","NULL"
316,"Ernest and Julio Gallo Winery","Ernest and Julio Gallo Winery","NULL"
318,"Erwin and Muir","Erwin and Muir","NULL"
319,"Eugene Wong","Eugene Wong","NULL"
320,"Evans Property Co","Evans Property Co","NULL"
321,"Executive","Executive","NULL"
322,"F T I Consulting  Inc.","F T I Consulting  Inc.","NULL"
323,"Fairview Capital Partners","Fairview Capital Partners","NULL"
324,"Fallon Middle School","Fallon Middle School","NULL"
325,"Family Bridges, Inc.","Family Bridges, Inc.","NULL"
326,"Far East Realty","Far East Realty","NULL"
327,"Farmstead Cheesses & Wines","Farmstead Cheesses & Wines","NULL"
328,"Farmstead Cheesses & Wines","Farmstead Wine & Cheese","NULL"
329,"Federal Deposit Insurance Corporation","Federal Deposit Insurance Corporation","NULL"
330,"Federal Reserve Bank of San Francisco","Federal Reserve Bank of San Francisco","NULL"
331,"Feyerabend & Madden Landscape","Feyerabend & Madden Landscape","NULL"
332,"Fineis LLC","Fineis LLC","NULL"
333,"First Commercial Bank","First Commercial Bank","NULL"
334,"Fitzgerald Abbott & Beardsley LLP","Fitzgerald Abbott & Beardsley LLP","NULL"
335,"Fitzgerald Abbott & Beardsley LLP","Fitzgerald, Abbott & Beardsley","NULL"
336,"Flaxman Associates","Flaxman Associates","NULL"
337,"Floor Sure Interiors","Floor Sure Interiors","NULL"
338,"Focus Investment Banking","Focus Investment Banking","NULL"
339,"Foster Wheeler","Foster Wheeler","NULL"
340,"Foxfile Property Management","Foxfile Property Management","NULL"
341,"Francis Lan Insurance Agency","Francis Lan Insurance Agency","NULL"
342,"Frank Silver, Arbitrator","Frank Silver, Arbitrator","NULL"
343,"Frank Zeng","Frank Zeng","NULL"
345,"Fred Thompson Executive Search","Fred Thompson Executive Search","NULL"
346,"Fremont Bank","Fremont Bank","NULL"
347,"FSCG","FSCG","NULL"
349,"Full Gospel Church of God in Christ","Full Gospel Church of God in Christ","NULL"
350,"G & R Associates","G & R Associates","NULL"
351,"G. Turner & Associates, LLC","G. Turner & Associates, LLC","NULL"
352,"Gap Inc.","Gap Inc.","NULL"
353,"Gatan","Gatan","NULL"
354,"GateChina, Inc.","GateChina, Inc.","NULL"
355,"GCB Realty","GCB Realty","NULL"
356,"Gee How Oak Tin Assn","Gee How Oak Tin Assn","NULL"
357,"General Electric","General Electric","NULL"
358,"General Foundary","General Foundary","NULL"
359,"Genevieve Katz","Genevieve Katz","NULL"
360,"Genex Services","Genex Services","NULL"
361,"Genix Healthcare","Genix Healthcare","NULL"
362,"Gerald Cauthen & Associates","Gerald Cauthen & Associates","NULL"
363,"Gizmo Global","Gizmo Global","NULL"
364,"Going Green with AC Green","Going Green with AC Green","NULL"
365,"Google","Google","NULL"
366,"Google","Google  Inc.","NULL"
367,"Gordon Pest Control","Gordon Pest Control","NULL"
368,"Granite Capital","Granite Capital","NULL"
369,"Gray & Reynolds Properties  Inc","Gray & Reynolds Properties  Inc","NULL"
370,"Gray-Robinson  P.A.","Gray Robinson  P.A.","NULL"
371,"Gray-Robinson  P.A.","Gray-Robinson  P.A.","NULL"
372,"Greek Orthodox Church","Greek Orthodox Church","NULL"
373,"Green Street Realty Corp.","Green Street Realty Corp.","NULL"
374,"GridSpeak Corporation","GridSpeak Corporation","NULL"
375,"Grubb Company","Grubb Company","NULL"
376,"Grun Strategic","Grun Strategic","NULL"
377,"GSC Logisitics","GSC Logisitics","NULL"
378,"GuideSpark","GuideSpark","NULL"
379,"Guillermo Dacumos","Guillermo Dacumos","NULL"
380,"Guillory Law PC","Guillory Law PC","NULL"
381,"Gump's","Gump's","NULL"
382,"Gunderson Dettmer","Gunderson Dettmer","NULL"
383,"Gymboree","Gymboree","NULL"
384,"Haley Law Offices","Haley Law Offices","NULL"
385,"Hanson Bridgett","Hanson Bridgett","NULL"
386,"Harbor House Ministries","Harbor House Ministries","NULL"
387,"Harbor Pest Control","Harbor Pest Control","NULL"
388,"Havey Woo","Havey Woo","NULL"
389,"Hawaii Leadership Forum","Hawaii Leadership Forum","NULL"
390,"Hawk Development","Hawk Development","NULL"
391,"Hayward Blake","Hayward Blake","NULL"
392,"Heart Medicine & Chest Pain Clinic","Heart Medicine & Chest Pain Clinic","NULL"
393,"Hereford Kerley LLP","Hereford Kerley LLP","NULL"
394,"HFH Central Village Station","HFH Central Village Station","NULL"
395,"Hill & Company Communications","Hill & Company Communications","NULL"
396,"Hinsaw & Culbertson","Hinsaw & Culbertson","NULL"
348,"F T I Consulting  Inc.","FTI Consulting","NULL"
344,"Fred Ghassemieh","fred ghassemieh","NULL"
397,"HNTB Corporation","HNTB Corporation","NULL"
398,"Holland & Knight LLP","Holland & Knight","NULL"
399,"Holland & Knight LLP","Holland & Knight  LLP","NULL"
400,"Holland & Knight LLP","Holland & Knight LLP","NULL"
401,"Holliday Development, LLC","Holliday Development, LLC","NULL"
402,"Homemaker","Homemaker","NULL"
403,"Horizon Beverage Company","Horizon Beverage Company","NULL"
404,"Hornblower","Hornblower","NULL"
405,"Housatonic Partners","Housatonic Partners","NULL"
406,"House of Chicken & Waffles","House of Chicken & Waffles","NULL"
407,"HP","HP","NULL"
408,"Hugo's Tours and Travel","Hugo's Tours and Travel","NULL"
409,"IBEW Local 595","IBEW Local 595","Union"
410,"IBEW Local Union No. 617 PAC","IBEW Local Union No. 617 PAC","Union"
412,"IBM","IBM","NULL"
413,"Ijichi Perkins & Assoc","Ijichi Perkins & Assoc","NULL"
414,"Industrial & Commercial Bank of China","Industrial & Commercial Bank of China","NULL"
415,"Infotech Research Studies","Infotech Research Studies","NULL"
416,"Inn at Jack London Square","Inn at Jack London Square","NULL"
417,"Innovative Interfaces","Innovative Interfaces","NULL"
418,"Insect Sciences Museum of California","Insect Sciences Museum of California","NULL"
419,"Inside Track","Inside Track","NULL"
420,"Interpublic Group","Interpublic Group","NULL"
421,"Irimedia - Display Technology","Irimedia - Display Technology","NULL"
422,"IUPAT-Political Action Together-Political Committee","IUPAT-Political Action Together-Political Committee","NULL"
423,"J & M, Inc.","J & M, Inc.","NULL"
424,"J&R Associates","J&R Associates","NULL"
425,"J. Rockcliff","J. Rockcliff","NULL"
426,"Jack London Square Chapel Church","Jack London Square Chapel Church","NULL"
427,"Jacobs Company","Jacobs Company","NULL"
428,"James A Watson Wellness Center","James A Watson Wellness Center","NULL"
429,"James Haverkamp LLc","James Haverkamp LLc","NULL"
430,"Janet Cronk","Janet Cronk","NULL"
431,"Jay-Phares Corporation","Jay-Phares Corporation","NULL"
432,"Jell Networks","Jell Networks","NULL"
433,"Job Corps","Job Corps","NULL"
434,"John Burton Foundation","John Burton Foundation","NULL"
435,"John F Kennedy University","John F Kennedy University","NULL"
436,"John Muir Medical Group","John Muir Medical Group","NULL"
437,"Johnson Salter Group","Johnson Salter Group","NULL"
438,"Johnson Supply","Johnson Supply","NULL"
439,"Jones Lang LaSalle","Jones Lang LaSalle","NULL"
440,"Jordon Real Estate","Jordon Real Estate","NULL"
441,"Joseph Jung Associates","Joseph Jung Associates","NULL"
442,"JP Morgan Chase","JP Morgan","NULL"
443,"JP Morgan Chase","JP Morgan Chase","NULL"
444,"Juma Ventures","Juma Ventures","NULL"
445,"Juniper Networks","Juniper Networks","NULL"
446,"Just Plumbing","Just Plumbing","NULL"
447,"K to College","K to College","NULL"
448,"Kahn/Mortimer/Associates","Kahn/Mortimer/Associates","NULL"
449,"Kaiser Permanente","Kaiser Permanente","NULL"
452,"Kathy Group Inc.","Kathy Group Inc.","NULL"
453,"Katzoff & Riggs, Attorneys at Law","Katzoff & Riggs, Attorneys at Law","NULL"
454,"Kay & Merkle, LLP","Kay & Merkle, LLP","NULL"
456,"Keker & Van Nest","Keker & Van Nest","NULL"
457,"Ken Betts, Inc.","Ken Betts, Inc.","NULL"
458,"Kirk Miller Properties","Kirk Miller Properties","NULL"
459,"Korean Plaza Market","Korean Plaza Market","NULL"
460,"L.A. County Dept of Children and Family Services","L.A. County Dept of Children and Family Services","NULL"
461,"LA Caldwell","LA Caldwell","NULL"
462,"Lab 126","Lab 126","NULL"
463,"Label Management Systems, LLC","Label Management Systems, LLC","NULL"
464,"Lapham Company","Lapham Company","NULL"
465,"Lash Group","Lash Group","NULL"
466,"Latino Taxes","Latino Taxes","NULL"
467,"Laura Ingram","Laura Ingram","NULL"
468,"Law Office of Cynthia Anderson-Barker","Law Office of Cynthia Anderson-Barker","NULL"
469,"Law Office of Linnea N. Willis and Merritt College","Law Office of Linnea N. Willis and Merritt College","NULL"
470,"Law Office of Ping Gao","Law Office of Ping Gao","NULL"
471,"Law Office of Robert H. Scribner","Law Office of Robert H. Scribner","NULL"
472,"Law Offices of Edward M Bull III","Law Offices of Edward M Bull III","NULL"
473,"Law Offices of Elaine W. Wallace","Law Offices of Elaine W. Wallace","NULL"
474,"Law Offices of Ellen Lake","Law Offices of Ellen Lake","NULL"
475,"Law Offices of Gary M. Sirbu","Law Offices of Gary M. Sirbu","NULL"
476,"Law Offices of Robert B. Gray","Law Offices of Robert B. Gray","NULL"
477,"Law Offices of Robert G Schock","Law Offices of Robert G Schock","NULL"
478,"Law Offices of Tamor & Tamor","Law Offices of Tamor & Tamor","NULL"
479,"Lawrence Berkeley National Laboratory","Lawrence Berkeley National Laboratory","NULL"
480,"Lawrence Livermore","Lawrence Livermore","NULL"
481,"Lawrence Ng, M.D.","Lawrence Ng, M.D.","NULL"
482,"Lazear Mack, Attorneys at Law","Lazear Mack, Attorneys at Law","NULL"
483,"Leadership Public Schools","Leadership Public Schools","NULL"
484,"LeapFrog Enterprises","LeapFrog Enterprises","NULL"
485,"LearnStreet","LearnStreet","NULL"
486,"Leland","Leland","NULL"
487,"Len Raphael CPA","Len Raphael CPA","NULL"
488,"Leon Richmond","Leon Richmond","NULL"
489,"Leons Powder Coating","Leons Powder Coating","NULL"
490,"Les Concierges","Les Concierges","NULL"
491,"Lexus","Lexus","NULL"
492,"Libitzky Property Companies","Libitzky Property Companies","NULL"
493,"Lifelong Medical Care","Lifelong Medical Care","NULL"
451,"Kasowitz, Benson, Torres & Friedman","Kasowitz, Benson, Torres & Fried","NULL"
450,"Karen T. Friedman, Esq.","Karen?T.?Friedman,?Esq.","NULL"
455,"Keenan Associates","Keenan","NULL"
495,"Lighthouse Community Charter School","Lighthouse Community Charter School","NULL"
496,"Lilly USA","Lilly USA","NULL"
497,"Lily Hu & Associates","Lily Hu & Associates","NULL"
498,"Lima Investment & Financial","Lima Investment & Financial","NULL"
499,"Litigation Cost Management","Litigation Cost Management","NULL"
500,"LMC","LMC","NULL"
501,"Local Union No. 340, IBEW PAC","Local Union No. 340, IBEW PAC","Union"
502,"Loh Realty and Investments","Loh Realty and Investments","NULL"
503,"Los Angeles County","Los Angeles County","NULL"
504,"Los Angeles Unified School District","Los Angeles Unified School District","NULL"
505,"Louis J Goodman Attorney at Law","Louis J Goodman Attorney at Law","NULL"
506,"Lowney Architects, Inc.","Lowney Architects, Inc.","NULL"
507,"LSH Investments, Inc","LSH Investments, Inc","NULL"
508,"Lynette Lee","Lynette Lee","NULL"
509,"Ma Belle Salon","Ma Belle Salon","NULL"
510,"MacFarlane Partners","MacFarlane Partners","NULL"
511,"Machaon Diagnostics","Machaon Diagnostics","NULL"
512,"Mack Jacob, DDS","Mack Jacob, DDS","NULL"
513,"Madison Park Financial Corp","Madison Park Financial Corp","NULL"
514,"Madison Park Financial Corp","madison park financial corporation","NULL"
515,"Mainsail Partners","Mainsail Partners","NULL"
516,"Maiya Holliday Web Development","Maiya Holliday Web Development","NULL"
518,"Marcus Realty","Marcus Realty","NULL"
519,"Mark Borsuk Inc.","Mark Borsuk  Inc.","NULL"
520,"Mark Borsuk Inc.","Mark Borsuk Inc.","NULL"
521,"Marshall Lamm Public Relations","Marshall Lamm Public Relations","NULL"
522,"Maruti Corporation","Maruti Corporation","NULL"
523,"Marvin L. Tate CPA","Marvin L. Tate CPA","NULL"
524,"Mary Denman","Mary Denman","NULL"
525,"Mason McDuffie","Mason McDuffie","NULL"
526,"Matson Navigation Company, Inc.","Matson","NULL"
527,"Matson Navigation Company, Inc.","Matson Navigation Company, Inc.","NULL"
528,"McCarthy Ranch","McCarthy Ranch","NULL"
529,"McGrath Properties","McGrath Properties","NULL"
530,"McKeany Flavell","McKeany Flavell","NULL"
531,"McKesson","McKesson","NULL"
532,"McKinsey","McKinsey","NULL"
533,"McMullen Boutique","McMullen Boutique","NULL"
534,"Mechanics Bank","Mechanics Bank","NULL"
535,"Medhanie Ogbe","Medhanie Ogbe","NULL"
536,"Medical Anesthesia Consultants","Medical Anesthesia Consultants","NULL"
537,"Mei Wo Florist","Mei Wo Florist","NULL"
538,"Meran Technology","Meran Technology","NULL"
539,"Merl Dean Johnson  Contractor","Merl Dean Johnson  Contractor","NULL"
540,"Merrill Lynch","Merrill Lynch","NULL"
541,"Metrovation","Metrovation","NULL"
542,"Michael Hebrard MD, PC","Michael Hebrard MD, PC","NULL"
543,"Michael Lenoir MD","Michael Lenoir MD","NULL"
544,"Michael Tigges","Michael Tigges","NULL"
545,"Mills College","Mills College","NULL"
546,"Milo Group of Calif., Inc.","Milo Group of Calif., Inc.","NULL"
547,"Mintz Consulting","Mintz Consulting","NULL"
548,"MLK Freedom Center","MLK Freedom Center","NULL"
549,"Mo Betta Cuts","Mo Betta Cuts","NULL"
550,"Mobile Connectory LLC","Mobile Connectory LLC","NULL"
551,"Morgan Stanley","Morgan Stanley","NULL"
553,"Morrison & Foerster LLP","Morrison & Foerster LLP","NULL"
555,"Mowat, Mackie and Anderson","Mowat, Mackie and Anderson","NULL"
556,"Mr Sparkle","Mr Sparkle","NULL"
557,"My Own Montessori","My Own Montessori","NULL"
558,"N/A","N/A","NULL"
559,"Retired","NA retired","NULL"
560,"NASDAQ","NASDAQ","NULL"
561,"National Dispute Resolution Service, LLC","National Dispute Resolution Service, LLC","NULL"
562,"Neeham & Co.","Neeham & Co.","NULL"
563,"Nella Law Group","Nella Law Group","NULL"
564,"Netflix","Netflix","NULL"
565,"NetSuite","NetSuite","NULL"
566,"Neural ID","Neural ID","NULL"
567,"Newcomb Anderson McCormick","Newcomb Anderson McCormick","NULL"
568,"Newport Board Group","Newport Board Group","NULL"
569,"NewSchools Venture Fund","NewSchools Venture Fund","NULL"
570,"Nextdoor.com, Inc.","Nextdoor.com, Inc.","NULL"
571,"Unemployed","none","NULL"
572,"Norman H. Hui, DDS","Norman H. Hui, DDS","NULL"
573,"Northbay Networks","Northbay Networks","NULL"
574,"Unemployed","not employed","NULL"
576,"NW Development Corp.","NW Development Corp.","NULL"
577,"NYC Health and Hospital Corp.","NYC Health and Hospital Corp.","NULL"
578,"O'Reilly Media","O'Reilly Media","NULL"
579,"Oakcare Medical Group","Oakcare Medical Group","NULL"
580,"Oakland Dog Training","Oakland Dog Training","NULL"
581,"Oakland Hills Tennis Club  Inc.","Oakland Hills Tennis Club","NULL"
582,"Oakland Hills Tennis Club  Inc.","Oakland Hills Tennis Club  Inc.","NULL"
583,"Oakland Lee Family Association","Oakland Lee Family Association","NULL"
584,"Oakland Mitsubishi","Oakland Mitsubishi","NULL"
585,"Oakland Unified School District","Oakland Unified School District","NULL"
586,"Oakland Veterinarian Hospital","Oakland Veterinarian Hospital","NULL"
587,"Old Republic Title Company","Old Republic Title Company","NULL"
588,"OmegaTermite Control","OmegaTermite Control","NULL"
589,"Orchard Supply Hardware","Orchard Supply Hardware","NULL"
590,"Organic Partners International","Organic Partners International","NULL"
591,"Orton Development, Inc.","Orton Development, Inc.","NULL"
594,"Over 60 Health Center","Over 60 Health Center","NULL"
517,"Manatt, Phelps and Phillips","Manatt Phelps & Phillips","NULL"
552,"Morrison & Foerster LLP","Morrison & Foeberger","NULL"
554,"Morrison & Foerster LLP","Morrison Foerster","NULL"
575,"Natural Resources Defense Council","NRDC","NULL"
593,"Oakland Unified School District","OUSD Bond Committe","NULL"
596,"Pacific Agri Products","Pacific Agri Products","NULL"
597,"Pacific Life Insurance Company","Pacific Life Insurance Company","NULL"
598,"PACIFIC UNION","PACIFIC UNION","Union"
599,"Paradem","Paradem","NULL"
600,"Pardee Properties","Pardee Properties","NULL"
601,"Park Financial Solutions","Park Financial Solutions","NULL"
602,"Park West LLC","Park West LLC","NULL"
603,"Parker","Parker","NULL"
604,"Parkinson Enterprises","Parkinson Enterprises","NULL"
605,"ParkSmart","ParkSmart","NULL"
606,"Paul Felton LLc","Paul Felton LLc","NULL"
607,"PC&T","PC&T","NULL"
608,"PD Larson Construction","PD Larson Construction","NULL"
609,"Peking Univeristy","Peking Univeristy","NULL"
610,"Pennsylvania State University","Pennsylvania State University","NULL"
611,"PeopleConnect","PeopleConnect","NULL"
612,"Peralta Community College District","Peralta Community College District","NULL"
613,"Permanante Medical Group","Permanante Medical Group","NULL"
614,"Permira Advisors","Permira Advisors","NULL"
615,"Pete's Concrete Pumping","Pete's Concrete Pumping","NULL"
616,"Peterson, Martin & Reynolds","Peterson, Martin & Reynolds","NULL"
617,"PG&E","PG&E","NULL"
618,"PGAdesign","PGAdesign","NULL"
619,"Physicians' Capital Investments, LLC","Physician Capital Investments, LLC","NULL"
620,"Physicians' Capital Investments, LLC","Physicians' Capital Investments, LLC","NULL"
622,"Pitney Bowes","Pitney Bowes","NULL"
623,"PJMB","PJMB","NULL"
624,"PJT Investments","PJT Investments","NULL"
625,"PKGS Associates Inc.","PKGS Associates Inc.","NULL"
626,"Playworks","Playworks","NULL"
627,"PNC","PNC","NULL"
628,"Polaris Pacific","Polaris Pacific","NULL"
629,"PolicyLink","PolicyLink","NULL"
630,"Port of Oakland","Port of Oakland","NULL"
631,"Ports America","Ports America","NULL"
632,"Prairie Ceramics","Prairie Ceramics","NULL"
633,"Premiere Protective Service Inc","Premiere Protective Service Inc","NULL"
634,"Pride Security Corp","Pride Security Corp","NULL"
635,"Pristine Sun LLC","Pristine Sun LLC","NULL"
636,"Proforma Construction Inc.","Proforma Construction Inc.","NULL"
637,"Public Transit Managers, Inc.","Public Transit Managers, Inc.","NULL"
638,"Pulley and Cohen, LLP","Pulley and Cohen, LLP","NULL"
639,"Pyatok Architects","Pyatok Architects","NULL"
640,"Qatalyst Partners","Qatalyst Partners","NULL"
641,"Quadric Group, Inc.","Quadric Group, Inc.","NULL"
642,"R. S. Mariano Holdings","R. S. Mariano Holdings","NULL"
643,"RadiologyPartners Inc.","RadiologyPartners Inc.","NULL"
644,"Rafanelli & Nahas","Rafanelli & Nahas","NULL"
645,"Rainin Group","Rainin Group","NULL"
646,"Ramsey & Ehrlich LLP","Ramsey & Ehrlich LLP","NULL"
647,"Randi Protopappas Coaching","Randi Protopappas Coaching","NULL"
648,"Re/Max Active Realty","Re/Max Active Realty","NULL"
649,"Recology East Bay","Recology East Bay","NULL"
650,"Red Dipper, LLC","Red Dipper, LLC","NULL"
651,"Redwood Day School","Redwood Day School","NULL"
652,"Reed Smith","Reed Smith","NULL"
653,"Reed Smith LLP","Reed Smith LLP","NULL"
654,"Regenerative Ventures","Regenerative Ventures","NULL"
655,"Relevvant","Relevvant","NULL"
656,"Rena Rickles","Rena Rickles","NULL"
657,"Renaissance Rialto","Renaissance Rialto","NULL"
659,"Retired","retired","NULL"
660,"Reuben, Junius & Rose, LLP","Reuben, Junius & Rose, LLP","NULL"
661,"Richard Cowan","Richard Cowan","NULL"
662,"Richmond Sanitary/Republic Services","Richmond Sanitary/Republic Services","NULL"
663,"Rick Rickard","Rick Rickard","NULL"
664,"Ricker","Ricker","NULL"
665,"Ricoh Americas Corporation","Ricoh Americas Corporation","NULL"
666,"Ringo Liu, Inc.","Ringo Liu, Inc.","NULL"
667,"Riverside Office of Education","Riverside Office of Education","NULL"
668,"Robert Harris","Robert Harris","NULL"
669,"Robert Heywood","Robert Heywood","NULL"
670,"Rocket Lawyer","Rocket Lawyer","NULL"
671,"Rockpoint Public Relations","Rockpoint Public Relations","NULL"
672,"Rogers Family Office","Rogers Family Office","NULL"
673,"Rollington Ferguson, M.D.","Rollington Ferguson, M.D.","NULL"
674,"Ron Wacker & Associates","Ron Wacker & Associates","NULL"
675,"Ronald Herron","Ronald Herron","NULL"
676,"Ronin Project Consultancy, LLC","Ronin Project Consultancy, LLC","NULL"
677,"Root Labs","Root Labs","NULL"
678,"Rosendo Gamez","Rosendo Gamez","NULL"
679,"Rosetta","Rosetta","NULL"
680,"Rothschild and Self","Rothschild and Self","NULL"
681,"RPM Mortgage","RPM Mortgage","NULL"
682,"RTI International","RTI International","NULL"
683,"Rukin Hyland Doria & Tindall","Rukin Hyland Doria & Tindall","NULL"
684,"Russo Mediation and Law","Russo Mediation and Law","NULL"
685,"Sabrina Foster","Sabrina Foster","NULL"
686,"Saddler Family Dentistry","Saddler Family Dentistry","NULL"
687,"Safeway Inc.","Safeway","NULL"
688,"Safeway Inc.","Safeway Inc.","NULL"
690,"Saints Capital","Saints Capital","NULL"
691,"Salem Lutheran Home","Salem Lutheran Home","NULL"
693,"Sam Clar Office Furniture","Sam Clar Office Furniture","NULL"
694,"Samsung Herbs and Conditioning","Samsung Herbs and Conditioning","NULL"
695,"San francisco Classical Voice","San francisco Classical Voice","NULL"
696,"San Francisco Fire Department","San Francisco Fire Department","NULL"
697,"San Francisco General Hospital","San Francisco General Hospital","NULL"
698,"San Francisco Human Services Agency","San Francisco Human Services Agency","NULL"
658,"Renewable Funding, LLC","Renewable Funding","NULL"
692,"Salesforce","salesforce.com","NULL"
689,"Sageview","sageview","NULL"
699,"San Francisco International Airport","San Francisco International Airport","NULL"
700,"San Francisco Regional Center","San Francisco Regional Center","NULL"
701,"San Francisco State","San Francisco State","NULL"
703,"San Ramon Regional Medical Center","San Ramon Regional Medical Center","NULL"
704,"Sarco Construction","Sarco Construction","NULL"
705,"Satellite Affordable Housing","Satellite Affordable Housing","NULL"
706,"Savemart","Savemart","NULL"
707,"Schmier Industrial Properties","Schmier Industrial Properties","NULL"
708,"SCN Strategies","SCN Strategies","NULL"
709,"Scott's Seafood Restaurants","Scott's Seafood Restaurants","NULL"
710,"Self Employed","Self - Attyah","NULL"
711,"Self Employed","Self - Dierkx","NULL"
712,"Self Employed","Self - Duncan","NULL"
713,"Self Employed","Self - Fulford","NULL"
714,"Self Employed","Self - Graff","NULL"
715,"Self Employed","Self - Hightower-Gaskin","NULL"
716,"Self Employed","Self - Holsey","NULL"
717,"Self Employed","Self - Jensen","NULL"
718,"Self Employed","Self - Johnson","NULL"
719,"Self Employed","Self - Metoyer","NULL"
720,"Self Employed","Self - Myers","NULL"
721,"Self Employed","Self - Nwamu","NULL"
722,"Self Employed","Self - Silverman","NULL"
723,"Self Employed","Self - Tilford","NULL"
724,"Self Employed","Self - Villarreal","NULL"
725,"Self Employed","Self - Whitehouse","NULL"
726,"Self Employed","Self - Wilkins","NULL"
727,"Self Employed","Self - Wilson","NULL"
728,"Self Employed","Self - Woodard","NULL"
729,"Self Employed","Self - Wright","NULL"
730,"Self Employed","Self - Wyatt","NULL"
731,"Self Employed","Self -Kim","NULL"
732,"Self Employed","Self employed","NULL"
733,"Self Employed","Self-employed","NULL"
734,"Semiconductor Manufacturer","Semiconductor Manufacturer","NULL"
735,"Seneca","Seneca","NULL"
736,"Sentient Energy","Sentient Energy","NULL"
737,"Sessions Salon","Sessions Salon","NULL"
738,"Seven Post","Seven Post","NULL"
739,"Seventeenth Street Studio","Seventeenth Street Studio","NULL"
740,"Seyfarth Shaw LLP","Seyfarth Shaw LLP","NULL"
741,"SF Arts Newspaper","SF Arts Newspaper","NULL"
742,"SF Foundation","SF Foundation","NULL"
743,"San Francisco Regional Center","SF Regional Center","NULL"
744,"SF SPCA","SF SPCA","NULL"
745,"SF Veterans Hospital","SF Veterans Hospital","NULL"
746,"SFMTA","SFMTA","NULL"
747,"SFRC","SFRC","NULL"
748,"SGA Associates","SGA Associates","NULL"
749,"Shamrock Real Estate","Shamrock Real Estate","NULL"
750,"ShareProgress","ShareProgress","NULL"
751,"Shawn R. King Plumbing","Shawn R. King Plumbing","NULL"
752,"Shearman & Sterling","Shearman & Sterling","NULL"
754,"Sheppard  Mullin  Richter & Hampton LLP","Sheppard  Mullin  Richter & Hampton LLP","NULL"
755,"Sheppard  Mullin  Richter & Hampton LLP","Sheppard Mullin","NULL"
756,"Sheppard  Mullin  Richter & Hampton LLP","Sheppard Mullin Richter & Hampton","NULL"
757,"Sheppard  Mullin  Richter & Hampton LLP","Sheppard, Mullin, Richter and Hampton","NULL"
758,"Shiyu Wang, DDS Inc.","Shiyu Wang, DDS Inc.","NULL"
759,"Shoreline Venture Management","Shoreline Venture Management","NULL"
760,"Shorenstein Properties LLC","Shorenstein Properties LLC","NULL"
761,"Shutterspeed Entertainment","Shutterspeed Entertainment","NULL"
762,"Sideman & Bancroft","Sideman & Bancroft","NULL"
763,"Siegel & Yee","Siegel & Yee","NULL"
764,"Signature Development Group","Signature Development Group","NULL"
765,"Silvin Learning","Silvin Learning","NULL"
766,"Sincere Hardware","Sincere Hardware","NULL"
767,"Sinkler Miller","Sinkler Miller","NULL"
768,"Sizzler","Sizzler","NULL"
769,"SKC Communication Products","SKC Communication Products","NULL"
770,"Society of Oral Hisotry","Society of Oral Hisotry","NULL"
771,"Sodexo  Inc.","Sodexo  Inc.","NULL"
772,"SOLPT","SOLPT","NULL"
773,"Sparkart","Sparkart","NULL"
774,"Spear Street Capital","Spear Street Capital","NULL"
775,"Sprinkler Fitters & Apprentices Local 483 PAC, id#1298012","Sprinkler Fitters & Apprentices Local 483 PAC, id#1298012","Union"
776,"SRI International","SRI International","NULL"
777,"SRS Consulting","SRS Consulting","NULL"
778,"SSA Terminals","SSA Terminals","NULL"
779,"St. Mary's College","St Mary's College","NULL"
780,"St Mary's HS","St Mary's HS","NULL"
781,"St. Mary's College","St. Mary's College","NULL"
782,"Stanford University","Stanford","NULL"
783,"Stanford Hospital & Clinics","Stanford Hospital & Clinics","NULL"
784,"Stanford University","Stanford University","NULL"
785,"Starr Finley","Starr Finley","NULL"
786,"State Farm","State Farm","NULL"
788,"State of Calif HHS","State of Calif HHS","NULL"
789,"State of California","State of California","NULL"
790,"Stauffer Appraisal Service","Stauffer Appraisal Service","NULL"
791,"Homemaker","stay at home mom","NULL"
792,"STB Group, Inc.","STB Group, Inc.","NULL"
793,"Steppingstone adult day home","Steppingstone adult day home","NULL"
794,"Steve Lowe","Steve Lowe","NULL"
795,"Steven Kay","Steven Kay","NULL"
796,"Steven Kopff & Assoc","Steven Kopff & Assoc","NULL"
797,"Steven Mendelson","Steven Mendelson","NULL"
798,"Stice & Block LLP","Stice & Block LLP","NULL"
799,"STM Real Estate Services","STM Real Estate Services","NULL"
800,"Stockton Unified School District","Stockton Unified School District","NULL"
801,"Store Development","Store Development","NULL"
787,"California EPA","State Of Calif EPA","NULL"
802,"StormwaterX","StormwaterX","NULL"
803,"Strategic Investment Management, LLC","Strategic Investment Management, LLC","NULL"
804,"STRATEGYfx","STRATEGYfx","NULL"
805,"Student","Student","NULL"
806,"StudentsFirst","StudentsFirst","NULL"
807,"Studio Balanza","Studio Balanza","NULL"
808,"Subway","Subway","NULL"
809,"Suey Sing Association","Suey Sing Association","NULL"
810,"Sungevity","Sungevity","NULL"
811,"Sunpower","Sunpower","NULL"
812,"SunTrust","SunTrust","NULL"
813,"SuperCuts","SuperCuts","NULL"
814,"Susan Gee","Susan Gee","NULL"
815,"Susan Hartinger","Susan Hartinger","NULL"
816,"Susan Ito","Susan Ito","NULL"
817,"Sutter Health","Sutter Health","NULL"
818,"Suya Restaurant","Suya Restaurant","NULL"
819,"Suzanne Skugstad","Suzanne Skugstad","NULL"
820,"Synata","Synata","NULL"
821,"Syner Tel","Syner Tel","NULL"
823,"Tadesse Teklemichael","Tadesse Teklemichael","NULL"
824,"Tagged, Inc.","Tagged, Inc.","NULL"
825,"TakeNote","TakeNote","NULL"
826,"Tam for Council 2010","Tam for Council 2010","NULL"
827,"Tanner Fine Art","Tanner Fine Art","NULL"
828,"Taurus Escrow Services","Taurus Escrow Services","NULL"
829,"TBD","TBD","NULL"
830,"TCM Wellness Consulting Service","TCM Wellness Consulting Service","NULL"
831,"Technology Solutions","Technology Solutions","NULL"
832,"Ted Jacobs Engineering","Ted Jacobs Engineering","NULL"
833,"Terra Tech","Terra Tech","NULL"
834,"Terry L. Jones, CPA","Terry L. Jones, CPA","NULL"
835,"The Boscacci Group, LLC","The Boscacci Group, LLC","NULL"
836,"The Bowlby Group Inc","The Bowlby Group Inc","NULL"
837,"The Chartres Lodging Group, LLC","The Chartres Lodging Group, LLC","NULL"
838,"The Clorox Company","The Clorox Company","NULL"
839,"The Grubb Co","The Grubb Co","NULL"
840,"The Hampton Group","The Hampton Group","NULL"
842,"The Lapham Company, Inc.","The Lapham Company, Inc.","NULL"
843,"The McFadden Group","The McFadden Group","NULL"
844,"The Meadows Group Services Inc","The Meadows Group Services Inc","NULL"
845,"The Milo Group of California, Inc.","The Milo Group of California, Inc.","NULL"
846,"Permanante Medical Group","The Permanente Medical Group","NULL"
847,"The Roda Group","The Roda Group","NULL"
848,"Theater View Veterinary","Theater View Veterinary","NULL"
849,"Theravance","Theravance","NULL"
850,"Thomson Reuters","Thomson Reuters","NULL"
851,"Thornhill Investments","Thornhill Investments","NULL"
852,"Three Bridge","Three Bridge","NULL"
853,"TiVo","TiVo","NULL"
854,"TMG Partners","TMG Partners","NULL"
855,"Tom Herman Consulting","Tom Herman Consulting","NULL"
856,"Torres Law Group","Torres Law Group","NULL"
857,"Touchstone Commercial Partners","Touchstone Commercial Partners","NULL"
858,"Towers Watson","Towers Watson","NULL"
859,"Townsend Public Affairs","Townsend Public Affairs","NULL"
860,"TR Advisors  LLC","TR Advisors  LLC","NULL"
861,"Transwestern","Transwestern","NULL"
862,"Tri Valley Orthopedic Specialists Inc.","Tri Valley Orthopedic Specialists Inc.","NULL"
863,"True","True","NULL"
864,"True Light Printing Co.","True Light Printing Co.","NULL"
865,"Tucker Technology, Inc.","Tucker Technology, Inc.","NULL"
866,"TUMIS","TUMIS","NULL"
867,"Two Star Market","Two Star Market","NULL"
868,"U.A. Local 342 PAC Fund","U.A. Local 342 PAC Fund","Union"
870,"U.S. Department of State","U.S. Department of State","NULL"
871,"U.S. Regional Funding, Inc.","U.S. Regional Funding, Inc.","NULL"
872,"University of California","UC","NULL"
875,"UC Davis Medical Center","UC Davis Medical Center","NULL"
877,"UCSF Medical Center","UCSF Medical Center","NULL"
878,"Udemy","Udemy","NULL"
879,"Unemployed","Unemployed","NULL"
880,"Unilever","Unilever","NULL"
881,"Union Bank","Union Bank","NULL"
882,"Unionway Corp.","Unionway Corp.","NULL"
883,"United Airlines","United Airlines","NULL"
884,"United Brokers Real Esate","United Brokers Real Esate","NULL"
885,"United Health Group","United Health Group","NULL"
886,"University of California","Univeristy of California","NULL"
887,"University of California","University of California","NULL"
889,"Unknown","Unknown","NULL"
890,"Up Communications, LLC","Up Communications, LLC","NULL"
891,"Uptown Body and Fender","Uptown Body and Fender","NULL"
892,"UrbanCore, LLC","UrbanCore, LLC","NULL"
893,"URS Corp","URS Corp","NULL"
894,"US Government","US Government","NULL"
895,"US Postal Service","US Postal Service","NULL"
896,"US Veterans Admin","US Veterans Admin","NULL"
897,"USCF","USCF","NULL"
899,"Valmiki Capital","Valmiki Capital","NULL"
900,"Vaquero Capital","Vaquero Capital","NULL"
901,"Vator","Vator","NULL"
902,"VBN Architects","VBN Architects","NULL"
903,"Veeva","Veeva","NULL"
904,"Veolia Water","Veolia Water","NULL"
905,"Verifone","Verifone","NULL"
906,"Video Atmosphere","Video Atmosphere","NULL"
907,"VLP","VLP","NULL"
908,"Vong Kong Assn.","Vong Kong Assn.","NULL"
841,"The Lapham Company, Inc.","The Lapham Company Inc.","NULL"
898,"US Postal Service","USPS","NULL"
874,"University of California, Berkeley","UC Berkeley","NULL"
873,"University of California, Berkeley","UC  Berkeley","NULL"
888,"University of California, San Francisco","University of California San Francisco","NULL"
876,"University of California, San Francisco","UCSF","NULL"
909,"Vu Realty and Financial","Vu Realty & Financial, Inc.","NULL"
910,"W V Woman","W V Woman","NULL"
911,"Walter Thomas","Walter Thomas","NULL"
912,"Warren Strudwick, M.D.","Warren Strudwick, M.D.","NULL"
913,"Washington Hospital Healthcare System","Washington Hospital Healthcare System","NULL"
914,"Waste Management","Waste Management","NULL"
915,"WAWE LLC","WAWE LLC","NULL"
916,"Wellington Property Company","Wellington Property Company","NULL"
917,"Wells Fargo Bank","Wells Fargo","NULL"
918,"Wells Fargo Bank","Wells Fargo Bank","NULL"
919,"Wenatchee River Institute","Wenatchee River Institute","NULL"
920,"Wendel Rosen Black & Dean","Wendel Rosen","NULL"
921,"Wendel Rosen Black & Dean","Wendel Rosen Black & Dean","NULL"
922,"West Coast","West Coast","NULL"
923,"West Oakland Green Initiative, Inc.","West Oakland Green Initiative, Inc.","NULL"
924,"West Water, LLC","West Water, LLC","NULL"
925,"Westcallaway","Westcallaway","NULL"
926,"Wildwood Elementary School","Wildwood Elementary School","NULL"
927,"Will Glazer Consulting","Will Glazer Consulting","NULL"
928,"Willia Dawkins","Willia Dawkins","NULL"
929,"William Collins","William Collins","NULL"
930,"Wilson Elser","Wilson Elser","NULL"
931,"Wilson Sonsini Goodrich & Rosati","Wilson Sonsini Goodrich & Rosati","NULL"
932,"Wineshipping.com","Wineshipping.com","NULL"
933,"Wing Tan Wong","Wing Tan Wong","NULL"
934,"Wong Family Association","Wong Family Association","NULL"
935,"Woodminster","Woodminster","NULL"
936,"WSP USA","WSP USA","NULL"
937,"Y Media Labs","Y Media Labs","NULL"
938,"YH Lee Associates","YH Lee Associates","NULL"
939,"YMCA","YMCA","NULL"
940,"Yosemite Investment, LLC","Yosemite Investment, LLC","NULL"
941,"Young Electric Co","Young Electric Co","NULL"
942,"Young Real Estate Team","Young Real Estate Team","NULL"
943,"Yu Realty & Financial, Inc.","Yu Realty & Financial, Inc.","NULL"
944,"Yvonne Mei Insurance Services","Yvonne Mei Insurance Services","NULL"
945,"Zell and Associates","Zell and Associates","NULL"
946,"Zentner and Zentner","Zentner and Zentner","NULL"
947,"ZeZeN Advisors","ZeZeN Advisors","NULL"
948,"Zhi Guo Jiang","Zhi Guo Jiang","NULL"
950,"OPA","OPA","NULL"
951,"A Better Place","A Better Place","NULL"
952,"Sustainable Business Alliance","Sustainable Business Alliance","NULL"
954,"San Leandro Braces","San Leandro Braces","NULL"
955,"Merriwether & Williams Insurance","Merriwether & Williams Insurance","NULL"
956,"Farmer's Insurance","Farmer's Insurance","NULL"
957,"H & L Realty","H & L Realty","NULL"
958,"Morgan Media Group","Morgan Media Group","NULL"
959,"True Vine Baptist Church","True Vine Baptist Church","NULL"
960,"Gray  Greer  Shelby & Vaughn LLC","Gray  Greer  Shelby & Vaughn LLC","NULL"
961,"Manatt, Phelps and Phillips","Manatt, Phelps and Phillips","NULL"
963,"Center for Ecosystem Management and Restoration","Center for Ecosystem Management and Restoration","NULL"
964,"Healthy Communities","Healthy Communities","NULL"
965,"As You Sow","As You Sow","NULL"
966,"Admitting Clerk","Admitting Clerk","NULL"
967,"CamberView Partners","CamberView Partners","NULL"
968,"Burton Law Firm","Burton Law Firm","NULL"
969,"Valla & Associates","Valla & Associates","NULL"
970,"Alamo Lighting","Alamo Lighting","NULL"
971,"Lakeshore Children's Ctr.","Lakeshore Children's Ctr.","NULL"
973,"Salesforce","Salesforce","NULL"
974,"Johnstone Supply","Johnstone Supply","NULL"
976,"Greater St. John Baptist Church","Greater St. John Baptist Church","NULL"
977,"Foster Employment Law","Foster Employment Law","NULL"
978,"Boxer & Gerson","Boxer & Gerson","NULL"
979,"Pepperdine","Pepperdine","NULL"
980,"Prescott Joseph Center","Prescott Joseph Center","NULL"
982,"Be Amazing Learning","Be Amazing Learning","NULL"
983,"Capital Projects","Capital Projects","NULL"
984,"Superstars Literary","Superstars Literary","NULL"
985,"New York Life","New York Life","NULL"
987,"Urbanspace Development","Urbanspace Development","NULL"
988,"House of Change, Inc.","House of Change, Inc.","NULL"
989,"Equity Community Builders","Equity Community Builders","NULL"
991,"Economy Trucking","Economy Trucking","NULL"
992,"Conscious Ventures Group","Conscious Ventures Group","NULL"
993,"Sundeen, Salinas and Pyle","Sundeen, Salinas and Pyle","NULL"
994,"Megavents PR & Events","Megavents PR & Events","NULL"
995,"Education for Change","Education for Change","NULL"
996,"California Supreme Court","California Supreme Court","NULL"
997,"Thornhill Coffee House","Thornhill Coffee House","NULL"
998,"TC Transcontinental","TC Transcontinental","NULL"
999,"Haddon Hill Group","Haddon Hill Group","NULL"
1002,"Kaiser Foundation","Kaiser Foundation","NULL"
1003,"The McConnell Group","The McConnell Group","NULL"
1004,"California Teacher's Association","California Teacher's Association","NULL"
1006,"HelioPower","HelioPower","NULL"
1007,"Letser Schwab","Letser Schwab","NULL"
1008,"PSI Family Services","PSI Family Services","NULL"
1009,"Clean Coalition","Clean Coalition","NULL"
1010,"Bombardier Transportation","Bombardier Transportation","NULL"
990,"ILWU/PMA","ILWU/PMA","Union"
953,"Oakland Unified School District","OAKLAND UNIFIED SCHOOL DISTRICT","NULL"
975,"Self Employed","Self-employed, No Separate Business Name","NULL"
972,"Pacific Maritime Association/ILWU","Pacific Maritine","Union"
949,"Shorenstein Properties LLC","Shorestein Co","NULL"
986,"University of California, San Francisco","U.C.S.F.","NULL"
962,"Self Employed","self-employed","NULL"
1001,"Unknown","x","NULL"
981,"Unknown","xx","NULL"
1011,"Californians against Waste","Californians against Waste","NULL"
1012,"Pillsbury Winthrop Shaw Pittman LLP","Pillsbury Winthrop Shaw Pittman LLP","NULL"
1013,"Oakwood Homes","Oakwood Homes","NULL"
1014,"Herman Coliver Locus Architecture","Herman Coliver Locus Architecture","NULL"
1015,"Abbott Diabetes Care","Abbott Diabetes Care","NULL"
1016,"Lockheed Martin","Lockheed Martin","NULL"
1017,"Supreme Court of CA","Supreme Court of CA","NULL"
1018,"Modern Media","Modern Media","NULL"
1019,"US Small Business Administration","US Small Business Administration","NULL"
1020,"Lewis Katz, Esquire","Lewis Katz, Esquire","NULL"
1021,"Campaign for Community Change","Campaign for Community Change","NULL"
1022,"Mike Gronyson","Mike Gronyson","NULL"
1023,"Sports Byline USA","Sports Byline USA","NULL"
1026,"ILWU Local 10","ILWU Local 10","Union"
1028,"Community Initiatives","Community Initiatives","NULL"
1029,"Broadline Medical","Broadline Medical","NULL"
1030,"Aim High","Aim High","NULL"
1031,"SARETTA & TAELOR TRUCKING","SARETTA & TAELOR TRUCKING","NULL"
1032,"Nestles USA  Dryers Ice Cream Division","Nestles USA  Dryers Ice Cream Division","NULL"
1033,"Center for Environmntal Health","Center for Environmntal Health","NULL"
1035,"PC World Magazine","PC World Magazine","NULL"
1036,"University of California, Berkeley","University of California, Berkeley","NULL"
1037,"House Kombucha","House Kombucha","NULL"
1038,"HOPE","HOPE","NULL"
1041,"BRIDGE Housing Corporation","BRIDGE Housing Corporation","NULL"
1042,"iStar Financial","iStar Financial","NULL"
1043,"City College of SF","City College of SF","NULL"
1045,"The Whalen Foundation","The Whalen Foundation","NULL"
1046,"B&T Bookkeeping","B&T Bookkeeping","NULL"
1047,"CPA","CPA","NULL"
1048,"Institute for Environmental Entrepreneurship","Institute for Environmental Entrepreneurship","NULL"
1049,"KBM Co","KBM Co","NULL"
1050,"Rosales Law Partners LLP","Rosales Law Partners LLP","NULL"
1051,"Venoco, Inc.","Venoco, Inc.","NULL"
1052,"Kenworth","Kenworth","NULL"
1053,"Audio Visions","Audio Visions","NULL"
1054,"First AME Church","First AME Church","NULL"
1055,"Lawson Law Offices","Lawson Law Offices","NULL"
1056,"East Bay Regional Park District","East Bay Regional Park District","NULL"
1057,"Law Offices of Stuart Flashman","Law Offices of Stuart Flashman","NULL"
1058,"One Toyota of Oakland","One Toyota of Oakland","NULL"
1059,"Aplia","Aplia","NULL"
1060,"Information Requested","Information Requested","NULL"
1061,"Manager","Manager","NULL"
1062,"Eviction Defense Center","Eviction Defense Center","NULL"
1063,"Hallinan & Hallinan","Hallinan & Hallinan","NULL"
1064,"Arapahoe County","Arapahoe County","NULL"
1065,"Clarity Consultants","Clarity Consultants","NULL"
1066,"Tribble Mortgage Company","Tribble Mortgage Company","NULL"
1068,"Beth Isreal Beaconiss","Beth Isreal Beaconiss","NULL"
1069,"The Real Estate Transformation Group","The Real Estate Transformation Group","NULL"
1070,"Luminare","Luminare","NULL"
1071,"Bridge Housing Corporation","Bridge Housing Corporation","NULL"
1072,"Pacific Life","Pacific Life","NULL"
1073,"CA State Coastal Conservancy","CA State Coastal Conservancy","NULL"
1074,"Focon Inc.","Focon Inc.","NULL"
1075,"Williams Adley","Williams Adley","NULL"
1076,"Bal Drapery and Interiors","Bal Drapery and Interiors","NULL"
1077,"Healy & Associates","Healy & Associates","NULL"
1078,"Donahue, Gallagher, Woods, LLP","Donahue, Gallagher, Woods, LLP","NULL"
1080,"Mackay Building & Consulting","Mackay Building & Consulting","NULL"
1081,"Association of Bay Area Governments","Association of Bay Area Governments","NULL"
1082,"Regional Parking, Inc.","Regional Parking, Inc.","NULL"
1083,"Chevron Refinery","Chevron Refinery","NULL"
1084,"List, Estuar, Harrison & Kitson LLP","List, Estuar, Harrison & Kitson LLP","NULL"
1085,"Forchelli, Curto, Deegan, LLP","Forchelli, Curto, Deegan, LLP","NULL"
1086,"Summit Bank","Summit Bank","NULL"
1087,"Black Diamond","Black Diamond","NULL"
1089,"San Francisco Department of Public Health","San Francisco Department of Public Health","NULL"
1090,"San Mateo County Probation Department","San Mateo County Probation Department","NULL"
1091,"John Muir Health","John Muir Health","NULL"
1092,"Contra Costa Jewish Day School","Contra Costa Jewish Day School","NULL"
1093,"Goldstein, Gellman, Melbostad, Harris & McSparran","Goldstein, Gellman, Melbostad, Harris & McSparran","NULL"
1094,"Rose Kapolczynski Consulting","Rose Kapolczynski Consulting","NULL"
1095,"Northern Sierra Partnership","Northern Sierra Partnership","NULL"
1097,"Creative Group","Creative Group","NULL"
1099,"Solaria","Solaria","NULL"
1100,"SolarCity","SolarCity","NULL"
1101,"Capitol Services","Capitol Services","NULL"
1102,"World Impact","World Impact","NULL"
1103,"Keller Williams Realty","Keller Williams Realty","NULL"
1104,"A Superior Electric","A Superior Electric","NULL"
1105,"Al Adams Advisors","Al Adams Advisors","NULL"
1106,"Galvan and Associates","Galvan and Associates","NULL"
1107,"Devin Slagle Design+Buikd  Inc","Devin Slagle Design+Buikd  Inc","NULL"
1034,"Adams Nye Becht LLP","Adams Nye Brecht LLP","NULL"
1096,"Apple Inc","Apple Computer","NULL"
1067,"DLA Piper LLC","DLA Piper","NULL"
1098,"Fitzgerald Abbott & Beardsley LLP","Fitzgerald Abbott","NULL"
1088,"ILWU","ILWU","Union"
1108,"ILWU/Pacific Maritime Assn","ILWU/Pacific Maritime Assn","Union"
1079,"Unemployed","Not employed","NULL"
1044,"Oakland Unified School District","Oakland Unifed School District","NULL"
1039,"Salesforce","Salesforce.com","NULL"
1025,"Vu Realty and Financial","Vu Realty","NULL"
1024,"Unknown","unknown","NULL"
1110,"Great Oakland Public Schools","Great Oakland Public Schools","NULL"
1112,"BrightSource Energy, Inc.","BrightSource Energy, Inc.","NULL"
1113,"Bennet, Samuelson, Reynolds & Allard","Bennet, Samuelson, Reynolds & Allard","NULL"
1115,"Aztec Tennis Club","Aztec Tennis Club","NULL"
1116,"East Bay Housing Association","East Bay Housing Association","NULL"
1117,"Mental Health Advocates","Mental Health Advocates","NULL"
1118,"West Side Community Services","West Side Community Services","NULL"
1119,"SSA","SSA","NULL"
1120,"BraunHagey & Borden, LLP","BraunHagey & Borden, LLP","NULL"
1121,"Contra Costa ARC","Contra Costa ARC","NULL"
1122,"Pennant Capital Management, LLC","Pennant Capital Management, LLC","NULL"
1123,"B2B","B2B","NULL"
1124,"McNellis Partners","McNellis Partners","NULL"
1125,"TURN","TURN","NULL"
1127,"Jews for Jesus","Jews for Jesus","NULL"
1128,"Educational Pathways with Antoinette Battiste","Educational Pathways with Antoinette Battiste","NULL"
1129,"City of San Francisco","City of San Francisco","NULL"
1132,"BESTCO","BESTCO","NULL"
1133,"Jody London Consulting","Jody London Consulting","NULL"
1135,"Georgetown University Hospital","Georgetown University Hospital","NULL"
1136,"Paramount Environmental","Paramount Environmental","NULL"
1137,"Full Court Press Communications","Full Court Press Communications","NULL"
1138,"Oakland Private Industry Council","Oakland Private Industry Council","NULL"
1139,"Dreisbach Enterprises, Inc.","Dreisbach Enterprises, Inc.","NULL"
1140,"Architect","Architect","NULL"
1142,"Viz Glass","Viz Glass","NULL"
1143,"Mar Con, Co.","Mar Con, Co.","NULL"
1144,"San Francisco County Superior Court","San Francisco County Superior Court","NULL"
1145,"Accutech Auto Care","Accutech Auto Care","NULL"
1146,"De Anza College","De Anza College","NULL"
1148,"Intellergy Corp.","Intellergy Corp.","NULL"
1150,"NatureBridge","NatureBridge","NULL"
1151,"Kiara Solar","Kiara Solar","NULL"
1152,"OTXWest","OTXWest","NULL"
1153,"People's Grocery","People's Grocery","NULL"
1154,"Rocket Reporting","Rocket Reporting","NULL"
1155,"Burnham Brown","Burnham Brown","NULL"
1156,"Within Reach, LLC","Within Reach, LLC","NULL"
1157,"Quality Tech Automotive, Inc","Quality Tech Automotive, Inc","NULL"
1158,"Bodega Harbour Properties","Bodega Harbour Properties","NULL"
1159,"San Francisco Examiner","San Francisco Examiner","NULL"
1160,"Work Systems","Work Systems","NULL"
1161,"Raphael & Associates","Raphael & Associates","NULL"
1162,"Center for Elders' Independence","Center for Elders' Independence","NULL"
1163,"Califormia Resources and Training","Califormia Resources and Training","NULL"
1164,"Natural Resources Defense Council","Natural Resources Defense Council","NULL"
1165,"North Berkeley Investment Partners","North Berkeley Investment Partners","NULL"
1167,"Holmgren & Associates","Holmgren & Associates","NULL"
1169,"D&B Painting Company","D&B Painting Company","NULL"
1170,"Perkins Coie LLP","Perkins Coie LLP","NULL"
1171,"Universal Network","Universal Network","NULL"
1172,"Saigon Printing","Saigon Printing","NULL"
1173,"Xantrion","Xantrion","NULL"
1174,"Whitestone Group","Whitestone Group","NULL"
1175,"Private Practice","Private Practice","NULL"
1176,"Pacific Union","Pacific Union","NULL"
1177,"Requested","Requested","NULL"
1178,"Healthy Communities, Inc.","Healthy Communities, Inc.","NULL"
1179,"Eagle Capital","Eagle Capital","NULL"
1180,"Davita","Davita","NULL"
1182,"Friendship Christian Center","Friendship Christian Center","NULL"
1184,"BUILD","BUILD","NULL"
1185,"Del Monte Foods","Del Monte Foods","NULL"
1186,"Johnson & Johnson","Johnson & Johnson","NULL"
1187,"City of Alameda","City of Alameda","NULL"
1188,"Michelman & Robinson, LLP","Michelman & Robinson, LLP","NULL"
1189,"Sammie Dukes Law Offices","Sammie Dukes Law Offices","NULL"
1191,"Pete Stark Re-Election Committee","Pete Stark Re-Election Committee","NULL"
1192,"US Green Building Council - Northern California","US Green Building Council - Northern California","NULL"
1193,"CA Alliance for Jobs","CA Alliance for Jobs","NULL"
1194,"Santa Clara Valley Water","Santa Clara Valley Water","NULL"
1195,"California Charter Schools Association","California Charter Schools Association","NULL"
1197,"Renaissance Entrepreneurship Center","Renaissance Entrepreneurship Center","NULL"
1198,"Independent Insurance Agent","Independent Insurance Agent","NULL"
1199,"East Bay Municipal Utility District","East Bay Municipal Utility District","NULL"
1200,"Tuolumne River Trust","Tuolumne River Trust","NULL"
1201,"Transbay Holdings","Transbay Holdings","NULL"
1202,"Alameda County Medical Center","Alameda County Medical Center","NULL"
1203,"Thomas C. Thatcher, Inc.","Thomas C. Thatcher, Inc.","NULL"
1204,"California Lutheran University","California Lutheran University","NULL"
1205,"CA State Assembly","CA State Assembly","NULL"
1134,"Apple Inc","Apple","NULL"
1190,"Burke, Williams and Sorenson","Burke Williams","NULL"
1130,"Dreisbach Enterprises, Inc.","Dreisback Enterprises","NULL"
1109,"Lawrence Berkeley National Laboratory","Lawrence Berkeley National Lab","NULL"
1114,"McGuffin Hall Properties, LLC","McGuffin Hall Properties","NULL"
1181,"Peralta Community College District","Peralta Community Colleges","NULL"
1149,"Pacific Maritime Association/ILWU","Pacific Maritime Association","Union"
1183,"PolicyLink","Policy Link","NULL"
1111,"Self Employed","SELF","NULL"
1196,"Self Employed","Self","NULL"
1131,"Self Employed","sultant, Self-Employed","NULL"
1147,"Unemployed","unemployed","NULL"
1166,"Chase","chase","NULL"
1206,"Office of Governor","Office of Governor","NULL"
1207,"KK&C Realty","KK&C Realty","NULL"
1208,"Oracle","Oracle","NULL"
1210,"Oakland City Attorney's Office","Oakland City Attorney's Office","NULL"
1211,"Parsons","Parsons","NULL"
1212,"Latham & Watkins,LLP","Latham & Watkins,LLP","NULL"
1213,"Mumm Napa Valley","Mumm Napa Valley","NULL"
1214,"Grodsky & Olecki, LLP","Grodsky & Olecki, LLP","NULL"
1215,"ESC Local 20","ESC Local 20","Union"
1216,"The Sunnyside Cafe","The Sunnyside Cafe","NULL"
1217,"Richardson & Patel, LLP","Richardson & Patel, LLP","NULL"
1218,"Friendly Transportation","Friendly Transportation","NULL"
1219,"Everett & Jones BBQ","Everett & Jones BBQ","NULL"
1220,"George E. Masker, Inc.","George E. Masker, Inc.","NULL"
1221,"California Physicians Service","California Physicians Service","NULL"
1222,"Fritolay inc.","Fritolay inc.","NULL"
1223,"United Latinos Vote","United Latinos Vote","NULL"
1224,"Oakland Education Association","Oakland Education Association","NULL"
1225,"Pacific Pediatrics","Pacific Pediatrics","NULL"
1226,"Alameda County Office of the Public Defender","Alameda County Office of the Public Defender","NULL"
1227,"Alta Bates Summit Medical Center","Alta Bates Summit Medical Center","NULL"
1228,"McGuffin Hall Properties, LLC","McGuffin Hall Properties, LLC","NULL"
1229,"Gordon & Associates, Inc.","Gordon & Associates, Inc.","NULL"
1230,"Walk Up Law Office","Walk Up Law Office","NULL"
1231,"Fashion Institute","Fashion Institute","NULL"
1232,"Fenton","Fenton","NULL"
1233,"International Alliance of Theatrical Stage Employees","International Alliance of Theatrical Stage Employees","NULL"
1234,"Hampton Inn - Alameda","Hampton Inn - Alameda","NULL"
1235,"Lifetech Consultants  Inc.","Lifetech Consultants  Inc.","NULL"
1236,"Uwakah Memorial Medical Foundation","Uwakah Memorial Medical Foundation","NULL"
1238,"CA Maritime Academy","CA Maritime Academy","NULL"
1240,"Management Recruiters of Berkeley","Management Recruiters of Berkeley","NULL"
1242,"KG Consulting","KG Consulting","NULL"
1243,"Florida A&M School of Law","Florida A&M School of Law","NULL"
1244,"Lucien & Co","Lucien & Co","NULL"
1245,"Sound Watershed Consulting","Sound Watershed Consulting","NULL"
1246,"General Welding Supply","General Welding Supply","NULL"
1248,"Crossroads School","Crossroads School","NULL"
1249,"Stafford Real Estate","Stafford Real Estate","NULL"
1251,"A & B Construction","A & B Construction","NULL"
1252,"Ben Kalb Productions","Ben Kalb Productions","NULL"
1253,"Sidley Law Group","Sidley Law Group","NULL"
1254,"Oakland Builders Alliance","Oakland Builders Alliance","NULL"
1255,"City of Morgan Hill","City of Morgan Hill","NULL"
1256,"Hogan Lovells US LLP","Hogan Lovells US LLP","NULL"
1257,"Law Offices of Paul Garrison","Law Offices of Paul Garrison","NULL"
1258,"Evergreen Baptist Church","Evergreen Baptist Church","NULL"
1259,"Lady Bird Daycare","Lady Bird Daycare","NULL"
1260,"Comcast","Comcast","NULL"
1261,"Government","Government","NULL"
1262,"A+ Smog Test Only","A+ Smog Test Only","NULL"
1264,"SCI Consulting Group","SCI Consulting Group","NULL"
1265,"Security Central, Inc.","Security Central, Inc.","NULL"
1266,"California Center for Sleep Disorder","California Center for Sleep Disorder","NULL"
1268,"California State Assembly","California State Assembly","NULL"
1269,"Univ of Michigan","Univ of Michigan","NULL"
1270,"AIM Broadcasting","AIM Broadcasting","NULL"
1271,"Cox, Castle Nicholson","Cox, Castle Nicholson","NULL"
1272,"Elite Security","Elite Security","NULL"
1273,"CA Natural Gas Vehicle Coalition","CA Natural Gas Vehicle Coalition","NULL"
1275,"Go Public Schools","Go Public Schools","NULL"
1276,"City of New York","City of New York","NULL"
1277,"Madrone Capital","Madrone Capital","NULL"
1278,"Terrestial Food","Terrestial Food","NULL"
1279,"Santa Clara University of Law","Santa Clara University of Law","NULL"
1280,"A Squared Ventures, Inc.","A Squared Ventures, Inc.","NULL"
1281,"Law Office of Nancy Conway","Law Office of Nancy Conway","NULL"
1282,"Better World Group","Better World Group","NULL"
1283,"Dignity Housing West","Dignity Housing West","NULL"
1285,"Clifford Moss","Clifford Moss","NULL"
1286,"Beyond Emancipation","Beyond Emancipation","NULL"
1287,"City of Los Angeles","City of Los Angeles","NULL"
1289,"KBDA Document Systems","KBDA Document Systems","NULL"
1290,"Sage Hospitality","Sage Hospitality","NULL"
1291,"Andrew Vincent Electrical Contractor","Andrew Vincent Electrical Contractor","NULL"
1293,"Tawonga Jewish Comm. Corp.","Tawonga Jewish Comm. Corp.","NULL"
1294,"OCCUR","OCCUR","NULL"
1295,"Pearson Digital Learning","Pearson Digital Learning","NULL"
1296,"Wonderphil Productions","Wonderphil Productions","NULL"
1297,"Kapor Foundation","Kapor Foundation","NULL"
1299,"United Behavior Health","United Behavior Health","NULL"
1300,"Retired","CCSF-retired","NULL"
1301,"Governmental Advocates, Inc.","Governmental Advocates, Inc.","NULL"
1247,"B & B Vehicle Processing  Inc.","B&B Vehicle Processing, Inc.","NULL"
1250,"Burke, Williams and Sorenson","Burke, Williams&Sorensen, LLP","NULL"
1263,"City of San Francisco","City of SF","NULL"
1274,"Kasowitz, Benson, Torres & Friedman","Kasowitz, Benson, Torrest, Friedman","NULL"
1241,"MCM Corporation","MCM Corp","NULL"
1298,"Pacific Maritime Association/ILWU","Pacific Maritine Assn/ILWU","Union"
1239,"Self Employed","Self - Cox","NULL"
1267,"Pacific Maritime Association/ILWU","Pacific Maritime Assn/ILWU","Union"
1209,"University of California","UC Office of President","NULL"
1284,"Wendel Rosen Black & Dean","Wendel, Rosen, Black & Dean LLP","NULL"
1288,"N/A","n/a","NULL"
1237,"Self Employed","self","NULL"
1302,"Eden Jewelry & Loan Company","Eden Jewelry & Loan Company","NULL"
1303,"Perforce Software","Perforce Software","NULL"
1305,"Renewable Funding, LLC","Renewable Funding, LLC","NULL"
1306,"California Climate & Agriculture Network","California Climate & Agriculture Network","NULL"
1307,"CSUEB","CSUEB","NULL"
1308,"Broadway Mechanical","Broadway Mechanical","NULL"
1309,"BeBee Memorial Church","BeBee Memorial Church","NULL"
1310,"Townsend & Associates","Townsend & Associates","NULL"
1311,"Golden Land Investment","Golden Land Investment","NULL"
1312,"Lofting and Jennings","Lofting and Jennings","NULL"
1313,"KIPP Foundation","KIPP Foundation","NULL"
1314,"Eduation Services at Wind River","Eduation Services at Wind River","NULL"
1316,"Michael P. Melland, CPA","Michael P. Melland, CPA","NULL"
1317,"Joshua Christian Center","Joshua Christian Center","NULL"
1318,"Mrs. Munchies","Mrs. Munchies","NULL"
1319,"Orchard Partners","Orchard Partners","NULL"
1320,"MCM Corporation","MCM Corporation","NULL"
1321,"Four Corners Veterinarian Hospital","Four Corners Veterinarian Hospital","NULL"
1323,"BBI Construction","BBI Construction","NULL"
1324,"Voices of Hope","Voices of Hope","NULL"
1325,"Doric Realty, Inc.","Doric Realty, Inc.","NULL"
1326,"Sharlee Fox","Sharlee Fox","NULL"
1327,"Vista Universal, Inc.","Vista Universal, Inc.","NULL"
1328,"Bridge the Chasm","Bridge the Chasm","NULL"
1329,"Berkwood Hedge School","Berkwood Hedge School","NULL"
1330,"SurveyMonkey","SurveyMonkey","NULL"
1331,"San Jose State University","San Jose State University","NULL"
1332,"Energy Foundation","Energy Foundation","NULL"
1333,"West Coast Wine","West Coast Wine","NULL"
1334,"Vipassana","Vipassana","NULL"
1335,"Amtecol","Amtecol","NULL"
1336,"Blum","Blum","NULL"
1338,"Four Leaf Consulting","Four Leaf Consulting","NULL"
1339,"Law Offices of Carl Williams","Law Offices of Carl Williams","NULL"
1341,"Collette Erickson","Collette Erickson","NULL"
1342,"Brokstein & Rosen CPAs","Brokstein & Rosen CPAs","NULL"
1343,"Gawthorne Enterprises","Gawthorne Enterprises","NULL"
1344,"Chevron Inc","Chevron Inc","NULL"
1345,"Sunrise Health Medical Group","Sunrise Health Medical Group","NULL"
1346,"Global Technical Services Group/IBM","Global Technical Services Group/IBM","NULL"
1347,"Tucker Technology  Inc","Tucker Technology  Inc","NULL"
1348,"UC Santa Cruz","UC Santa Cruz","NULL"
1349,"KIPP Bay Area Schools","KIPP Bay Area Schools","NULL"
1350,"Network Building and Consulting, LLC","Network Building and Consulting, LLC","NULL"
1351,"Quadrant Health Strategies","Quadrant Health Strategies","NULL"
1352,"Unitarian Universalist Legislative Ministry California","Unitarian Universalist Legislative Ministry California","NULL"
1353,"Richmond Housing Authority","Richmond Housing Authority","NULL"
1354,"Life Technologies","Life Technologies","NULL"
1355,"Bennet, Samuelsen, Reynolds & Allard","Bennet, Samuelsen, Reynolds & Allard","NULL"
1356,"Emerson Collective","Emerson Collective","NULL"
1357,"Kelly-Thompson Ranch  LLC","Kelly-Thompson Ranch  LLC","NULL"
1358,"Greene Radovsky Maloney Share & Hennigh LLP","Greene Radovsky Maloney Share & Hennigh LLP","NULL"
1359,"St. Paul's School","St. Paul's School","NULL"
1361,"VOGL Investment Partners","VOGL Investment Partners","NULL"
1362,"Miles Ahead Consultant Services","Miles Ahead Consultant Services","NULL"
1364,"Jordan Real Estate Investments, LLC","Jordan Real Estate Investments, LLC","NULL"
1365,"Rimini Street","Rimini Street","NULL"
1366,"Self - Smith","Self - Smith","NULL"
1367,"Destiny Arts Center","Destiny Arts Center","NULL"
1368,"Pacific Forest Trust","Pacific Forest Trust","NULL"
1369,"Junior Achievement","Junior Achievement","NULL"
1370,"Keenan Associates","Keenan Associates","NULL"
1371,"Sheila Wells  Chiropractor","Sheila Wells  Chiropractor","NULL"
1372,"50+1 Strategies","50+1 Strategies","NULL"
1373,"Lozeau Drury LLP","Lozeau Drury LLP","NULL"
1374,"CCIG","CCIG","NULL"
1376,"Kelley-Clarke LLC","Kelley-Clarke LLC","NULL"
1378,"Shamrock Realty","Shamrock Realty","NULL"
1379,"GDML","GDML","NULL"
1380,"Bitzer Realty","Bitzer Realty","NULL"
1382,"Longshore","Longshore","NULL"
1383,"Alexis Party World","Alexis Party World","NULL"
1384,"East Bay Community Law Center","East Bay Community Law Center","NULL"
1385,"Fox Rothschild","Fox Rothschild","NULL"
1387,"Urban Couture","Urban Couture","NULL"
1388,"La Vie Nail Salon","La Vie Nail Salon","NULL"
1389,"Miracles of Faith Community Church","Miracles of Faith Community Church","NULL"
1390,"Hahn Partners LLC","Hahn Partners LLC","NULL"
1391,"T. Gary and Kathleen Rogers Private Family Foundation","T. Gary and Kathleen Rogers Private Family Foundation","NULL"
1392,"SF Chamber of Commerce","SF Chamber of Commerce","NULL"
1393,"Conley Consulting Group","Conley Consulting Group","NULL"
1394,"Spiegal Accountancy Corp.","Spiegal Accountancy Corp.","NULL"
1395,"United States Navy","United States Navy","NULL"
1396,"Diablo Publications","Diablo Publications","NULL"
1397,"Independent Contractor","Independent Contractor","NULL"
1377,"Donahue, Gallagher, Woods, LLP","Donahue Gallagher Woods","NULL"
1337,"Kaiser Permanente","Kaiser Found. Hospitals","NULL"
1386,"Loh Realty and Investments","Loh Realty","NULL"
1340,"N/A","NA","NULL"
1360,"Peralta Community College District","Peralta Community College District Board of Trustees","NULL"
1363,"Retired","REtired","NULL"
1304,"Russo Mediation and Law","Russo Law and Mediation","NULL"
1381,"Sheppard  Mullin  Richter & Hampton LLP","Sheppard, Mullin, Richter & Hampton","NULL"
1322,"Yne & Kathryn Elam Apartments","yne & Kathryn Elam Apartments","NULL"
1398,"Petaluma School District","Petaluma School District","NULL"
1399,"Linked In","Linked In","NULL"
1401,"Devonway Inc","Devonway Inc","NULL"
1402,"Director of Facilities","Director of Facilities","NULL"
1404,"National Parks Conservation Association","National Parks Conservation Association","NULL"
1405,"Government Relations","Government Relations","NULL"
1406,"Nakamura Realty, Inc.","Nakamura Realty, Inc.","NULL"
1407,"Neophotonics Corporation","Neophotonics Corporation","NULL"
1408,"Abbott","Abbott","NULL"
1409,"Novant Healthcare","Novant Healthcare","NULL"
1410,"HDR Inc","HDR Inc","NULL"
1411,"Cypress One Properties","Cypress One Properties","NULL"
1412,"Dr. John Maguire, DDS","Dr. John Maguire, DDS","NULL"
1413,"Piedmont School District","Piedmont School District","NULL"
1414,"Center for Energy Efficiency & Renewable Technology","Center for Energy Efficiency & Renewable Technology","NULL"
1415,"Highfields Capital Management","Highfields Capital Management","NULL"
1417,"Renne Holtzman, Sloan & Sakae","Renne Holtzman, Sloan & Sakae","NULL"
1418,"Hayward H. Blake Jr.","Hayward H. Blake Jr.","NULL"
1419,"California Solar Energy Industries Association","California Solar Energy Industries Association","NULL"
1420,"V&S Real Estate Investments","V&S Real Estate Investments","NULL"
1421,"Oakland Museum of California","Oakland Museum of California","NULL"
1422,"Retired","Retired","NULL"
1423,"Kenneth Schmier","Kenneth Schmier","NULL"
1424,"Jarvis Fay Doporto & Gibson","Jarvis Fay Doporto & Gibson","NULL"
1425,"Oakland Alliance of Community Partnerships","Oakland Alliance of Community Partnerships","NULL"
1426,"Roscoes Chicken and Waffles","Roscoes Chicken and Waffles","NULL"
1427,"Los Angeles County Probation","Los Angeles County Probation","NULL"
1428,"Burke, Williams and Sorenson","Burke, Williams and Sorenson","NULL"
1429,"Unity Council","Unity Council","NULL"
1434,"Self Employed","Self Employed","NULL"
1435,"Alameda County Superior Court","Alameda County Superior Court","NULL"
1436,"Conservation Strategy Group","Conservation Strategy Group","NULL"
1437,"Spieker Properties","Spieker Properties","NULL"
1438,"C. Guinn Design and Construction","C. Guinn Design and Construction","NULL"
1439,"Ernst & Young LLP","Ernst & Young LLP","NULL"
1440,"The Quadric Group","The Quadric Group","NULL"
1441,"Evil Empire, Inc.","Evil Empire, Inc.","NULL"
1443,"O.C.P.","O.C.P.","NULL"
1444,"Bingham McCutoren","Bingham McCutoren","NULL"
1445,"IQ Solutions","IQ Solutions","NULL"
1446,"Dian Grueneich Consulting, LLC","Dian Grueneich Consulting, LLC","NULL"
1447,"BAY AREA CHAPTER OF FAMILY REUNIONS","BAY AREA CHAPTER OF FAMILY REUNIONS","NULL"
1449,"Cal Poly Pomona","Cal Poly Pomona","NULL"
1450,"GoldMail, Inc.","GoldMail, Inc.","NULL"
1451,"Alternative Technologies","Alternative Technologies","NULL"
1452,"FE Jordan Associates Inc","FE Jordan Associates Inc","NULL"
1453,"Ramsell Holding Corporation","Ramsell Holding Corporation","NULL"
1454,"Law Offices of Gary Sirbu","Law Offices of Gary Sirbu","NULL"
1455,"Running for a Better Oakland","Running for a Better Oakland","NULL"
1456,"Kaiser","Kaiser","NULL"
1457,"Meyers Nave","Meyers Nave","NULL"
1458,"Schiller Consulting","Schiller Consulting","NULL"
1460,"Akonadi Foundation","Akonadi Foundation","NULL"
1461,"Clifton C Cooper  Jr Atty at Law","Clifton C Cooper  Jr Atty at Law","NULL"
1462,"YLE Solutions","YLE Solutions","NULL"
1463,"NH Consultants","NH Consultants","NULL"
1464,"Da Vita","Da Vita","NULL"
1465,"Yui Hay Lee & Associates","Yui Hay Lee & Associates","NULL"
1466,"LLoyd A. Wise Incorporated","LLoyd A. Wise Incorporated","NULL"
1467,"California Commercial and Investment Group","California Commercial and Investment Group","NULL"
1469,"Oakland Fire Department","Oakland Fire Department","NULL"
1470,"CSU East Bay","CSU East Bay","NULL"
1471,"Word Assembly AFC","Word Assembly AFC","NULL"
1472,"Professor","Professor","NULL"
1473,"SF Fire","SF Fire","NULL"
1474,"Moving Forward Education","Moving Forward Education","NULL"
1475,"Vu Realty and Financial","Vu Realty and Financial","NULL"
1476,"Jarvis-Fay","Jarvis-Fay","NULL"
1477,"Uptown Body & Fender","Uptown Body & Fender","NULL"
1478,"`","`","NULL"
1479,"Golden Gate Restaurant Association","Golden Gate Restaurant Association","NULL"
1480,"Bay Area Concrete","Bay Area Concrete","NULL"
1481,"East West Partners","East West Partners","NULL"
1482,"Harbor Bay Associates","Harbor Bay Associates","NULL"
1483,"Superior Electric","Superior Electric","NULL"
1484,"The Childrens Home of Northern Kentucky","The Childrens Home of Northern Kentucky","NULL"
1485,"Caldwell, Flores, Winters Inc.","Caldwell, Flores, Winters Inc.","NULL"
1486,"Stein, Rudser, Cohen & Magid LLP","Stein, Rudser, Cohen & Magid LLP","NULL"
1487,"CGBD","CGBD","NULL"
1488,"Telecom/AT&T","Telecom/AT&T","NULL"
1489,"Solana Advisors","Solana Advisors","NULL"
1490,"Jordan Real Estate Investments","Jordan Real Estate Investments","NULL"
1491,"CA Environmental Protection Agency","CA Environmental Protection Agency","NULL"
1492,"Global Technology Solutions Group/IBM","Global Technology Solutions Group/IBM","NULL"
1468,"Bridge Housing Corporation","Bridge Housing","NULL"
1400,"Dreisbach Enterprises, Inc.","Dresiback Enterprises","NULL"
1431,"F T I Consulting  Inc.","F T I  Consulting, Inc.","NULL"
1403,"Kaiser Permanente","Kaiser Permante","NULL"
1459,"Kaiser Permanente","Kaiser Medical Center","NULL"
1416,"Madison Park Financial Corp","Madison Park Financial","NULL"
1432,"NewSchools Venture Fund","New Schools Venture","NULL"
1448,"N/A","None","NULL"
1442,"Self Employed","Self-Employed","NULL"
1433,"University of California","University of CA","NULL"
1493,"Meridian Energy USA, Inc.","Meridian Energy USA, Inc.","NULL"
1494,"The Shamszad Group","The Shamszad Group","NULL"
1495,"Jones Day","Jones Day","NULL"
1496,"Oakland Zoo","Oakland Zoo","NULL"
1498,"Marin County DA","Marin County DA","NULL"
1499,"Hope.org","Hope.org","NULL"
1500,"Excel Site Services","Excel Site Services","NULL"
1501,"Oakland City Council","Oakland City Council","NULL"
1504,"Restore Hetch Hetchy","Restore Hetch Hetchy","NULL"
1505,"Amtrak","Amtrak","NULL"
1506,"SF General Hospital","SF General Hospital","NULL"
1507,"The San Francisco Foundation","The San Francisco Foundation","NULL"
1508,"Red Oak Realty","Red Oak Realty","NULL"
1510,"Allstate Insurance","Allstate Insurance","NULL"
1512,"Northgate Environmental Management","Northgate Environmental Management","NULL"
1514,"Portfolio Property Investors","Portfolio Property Investors","NULL"
1515,"Leader Counsel","Leader Counsel","NULL"
1516,"Sylvan Learning","Sylvan Learning","NULL"
1517,"Sotheby's","Sotheby's","NULL"
1518,"Martin Luther King Jr. Civic Council","Martin Luther King Jr. Civic Council","NULL"
1519,"Oakland Chinatown Chamber","Oakland Chinatown Chamber","NULL"
1520,"Children's Fairyland","Children's Fairyland","NULL"
1521,"Waypoint Wealth Partners","Waypoint Wealth Partners","NULL"
1524,"Ron Yee CPA","Ron Yee CPA","NULL"
1525,"Fusion Forte","Fusion Forte","NULL"
1526,"PMA","PMA","NULL"
1527,"Key Tours International","Key Tours International","NULL"
1529,"California Retaining Walls","California Retaining Walls","NULL"
1530,"AYUDA Financial Services","AYUDA Financial Services","NULL"
1531,"S.D. Bechtel, Jr Foundation","S.D. Bechtel, Jr Foundation","NULL"
1532,"Balahi Hotels","Balahi Hotels","NULL"
1533,"Roots of Change Project, Trust for Conservation In","Roots of Change Project, Trust for Conservation In","NULL"
1534,"Agilent Technologies","Agilent Technologies","NULL"
1536,"John F. Kennedy Law School","John F. Kennedy Law School","NULL"
1537,"Samson Energy Co, LLC","Samson Energy Co, LLC","NULL"
1538,"Adax, Inc.","Adax, Inc.","NULL"
1540,"Amandeep Brar General Dentistry","Amandeep Brar General Dentistry","NULL"
1541,"Shronts & Leiz, LLP","Shronts & Leiz, LLP","NULL"
1542,"Regeneration Project","Regeneration Project","NULL"
1543,"Chabot Space and Science Center","Chabot Space and Science Center","NULL"
1544,"Coliseum Lexus Dealership","Coliseum Lexus Dealership","NULL"
1545,"Dr. Stephen G. Silver","Dr. Stephen G. Silver","NULL"
1546,"Univesity Auto Repair","Univesity Auto Repair","NULL"
1547,"Chase","Chase","NULL"
1548,"LaSalle Keller","LaSalle Keller","NULL"
1549,"Oakland Vietnamese Chamber of Commerce","Oakland Vietnamese Chamber of Commerce","NULL"
1550,"Jackson-McCray Law Offices","Jackson-McCray Law Offices","NULL"
1551,"Your Soil Solution","Your Soil Solution","NULL"
1552,"OHome","OHome","NULL"
1553,"Sea Change Foundation","Sea Change Foundation","NULL"
1554,"Rose's Daycare","Rose's Daycare","NULL"
1555,"Jarvis Architect","Jarvis Architect","NULL"
1556,"West Coast Auto Care","West Coast Auto Care","NULL"
1557,"Kramer & Associates","Kramer & Associates","NULL"
1558,"The Mentoring Center","The Mentoring Center","NULL"
1559,"Susan Johnson","Susan Johnson","NULL"
1560,"Community Partners","Community Partners","NULL"
1561,"Taylor Law","Taylor Law","NULL"
1562,"Coalition for Clean Air","Coalition for Clean Air","NULL"
1563,"KSL Capital Partners","KSL Capital Partners","NULL"
1564,"Home Maker","Home Maker","NULL"
1565,"NNF Grewal, LLC","NNF Grewal, LLC","NULL"
1566,"Calif Wind Energy Assn","Calif Wind Energy Assn","NULL"
1567,"A&B Towing","A&B Towing","NULL"
1568,"Fremont Group","Fremont Group","NULL"
1569,"Cater Communications","Cater Communications","NULL"
1571,"Sacramento Advocates","Sacramento Advocates","NULL"
1572,"Thomas O. Hyland","Thomas O. Hyland","NULL"
1573,"President","President","NULL"
1576,"D. Schulman Marketing","D. Schulman Marketing","NULL"
1577,"Greenlining Institute","Greenlining Institute","NULL"
1578,"Lima Investment","Lima Investment","NULL"
1579,"Xfinity/Comcast","Xfinity/Comcast","NULL"
1580,"Gray, Greer, Shelby & Vaughn LLC","Gray, Greer, Shelby & Vaughn LLC","NULL"
1581,"N/A","N / A","NULL"
1582,"SCIenergy","SCIenergy","NULL"
1583,"Union of Concerned Scientists","Union of Concerned Scientists","NULL"
1584,"Ecco Construction, Inc.","Ecco Construction, Inc.","NULL"
1585,"ConneXsys","ConneXsys","NULL"
1586,"U Market U","U Market U","NULL"
1589,"Environmental Defense Fund","Environmental Defense Fund","NULL"
1590,"Christensen Heller Gallery","Christensen Heller Gallery","NULL"
1591,"Goldfarb & Lipman LLP","Goldfarb & Lipman LLP","NULL"
1592,"CA Housing Finance","CA Housing Finance","NULL"
1593,"Constantine Cannon","Constantine Cannon","NULL"
1513,"Donahue, Gallagher, Woods, LLP","Donahue Gallagher Woods LLP","NULL"
1570,"Feyerabend & Madden Landscape","Feyerabend & Madden","NULL"
1502,"Kaiser Permanente","Kaiser Foundation Health Plan, Inc.","NULL"
1503,"Merriwether & Williams Insurance","Merriwether & Williams","NULL"
1574,"Michelman & Robinson, LLP","Michelman & Robinson","NULL"
1522,"N/A","N.A.","NULL"
1497,"SEIU","SEIU","Union"
1575,"Self Employed","Self- Employed","NULL"
1588,"Self Employed","Self=Employed","NULL"
1539,"State of California","State of Calfornia","NULL"
1509,"State of California","State of CA","NULL"
1528,"U.C. Berkeley","U C Berkeley","NULL"
1587,"University of California","Univ of California","NULL"
1511,"University of California, Berkeley","Univ. of California Berkeley","NULL"
1594,"Harmon Shragge and Company","Harmon Shragge and Company","NULL"
1595,"Barnes Clarke Inc.","Barnes Clarke Inc.","NULL"
1596,"Healthcare Executive","Healthcare Executive","NULL"
1315,"AE3 Partners","AE3 Partners Inc","NULL"
1126,"AE3 Partners","AE3 Engineering","NULL"
1040,"Abbott Laboratories","Abbott Labs","NULL"
39,"Alameda County Medical Center","Alameda County Medial Center","NULL"
46,"Alta Bates Summit Medical Center","Alta Bates Hospital","NULL"
1292,"Alta Bates Summit Medical Center","Alta Bates Summit Med Center","NULL"
1005,"B & B Vehicle Processing  Inc.","B&B Vehicle Processing","NULL"
1000,"California Commercial and Investment Group","California Commercial Investments","NULL"
187,"Chabot Space and Science Center","Chabot Space and Science","NULL"
1430,"City and County of San Francisco","City and County of SF","NULL"
207,"City of Berkeley","City of Berkeleyand Self-employed","NULL"
1168,"City of Oakland","City of Oakland Mayor's office","NULL"
1027,"DaVita HealthCare Partners, Inc.","DaVita Healthcare Partners","NULL"
1535,"Daniller Consulting, Inc.","Daniller Consulting Inc.","NULL"
317,"Ernst & Young LLP","Ernst & Young","NULL"
1375,"Fitzgerald Abbott & Beardsley LLP","Fitzgerald Abbott & Beardsley","NULL"
411,"IBEW PAC Educational Fund","IBEW PAC Educational Fund","Union"
494,"Lifetech Consultants  Inc.","Liftech Consultants, Inc.","NULL"
592,"Oakland Unified School District","OUSD","NULL"
1523,"Pacific Maritime Association/ILWU","Pacific Maritime Assn/ILWU Local 10","Union"
621,"Piedmont School District","Piedmont USD","NULL"
702,"San Jose State University","San Jose State","NULL"
753,"Sheet Metal Workers' International id# 859381","Sheet Metal Workers' International id# 859381","Union"
822,"T. Gary and Kathleen Rogers Private Family Foundation","T. Gary and Kathleen Rogers Family Foundation","NULL"
869,"University of California, Berkeley","U.C. Berkeley","NULL"
1141,"San Francisco Regional Center","san francisco regional center","NULL"
